-- phpMyAdmin SQL Dump
-- version 4.0.4.1
-- http://www.phpmyadmin.net
--
-- Host: 127.0.0.1
-- Generation Time: Jul 08, 2015 at 06:07 PM
-- Server version: 5.5.32-log
-- PHP Version: 5.4.16

SET SQL_MODE = "NO_AUTO_VALUE_ON_ZERO";
SET time_zone = "+00:00";


/*!40101 SET @OLD_CHARACTER_SET_CLIENT=@@CHARACTER_SET_CLIENT */;
/*!40101 SET @OLD_CHARACTER_SET_RESULTS=@@CHARACTER_SET_RESULTS */;
/*!40101 SET @OLD_COLLATION_CONNECTION=@@COLLATION_CONNECTION */;
/*!40101 SET NAMES utf8 */;

--
-- Database: `permata_sys`
--
CREATE DATABASE IF NOT EXISTS `permata_sys` DEFAULT CHARACTER SET latin1 COLLATE latin1_swedish_ci;
USE `permata_sys`;

-- --------------------------------------------------------

--
-- Table structure for table `activation_member_logs`
--

CREATE TABLE IF NOT EXISTS `activation_member_logs` (
  `id` int(10) unsigned NOT NULL AUTO_INCREMENT,
  `id_member` int(10) unsigned NOT NULL,
  `keterangan` varchar(255) NOT NULL,
  `created_at` timestamp NOT NULL DEFAULT CURRENT_TIMESTAMP ON UPDATE CURRENT_TIMESTAMP,
  `tahap_aktivasi` enum('voucher','transfer') NOT NULL,
  PRIMARY KEY (`id`)
) ENGINE=InnoDB  DEFAULT CHARSET=latin1 AUTO_INCREMENT=125 ;

--
-- Dumping data for table `activation_member_logs`
--

INSERT INTO `activation_member_logs` (`id`, `id_member`, `keterangan`, `created_at`, `tahap_aktivasi`) VALUES
(16, 8, 'Aktivasi dengan Voucher b971-80bd-6b97-4f4d', '2015-07-01 08:14:34', 'voucher'),
(17, 10, 'Aktivasi dengan Voucher 0069-1bc7-58ac-cad6', '2015-07-01 16:05:03', 'voucher'),
(18, 13, 'Aktivasi dengan Voucher ff67-d71a-bf6e-dca3', '2015-07-03 16:11:38', 'voucher'),
(23, 15, 'Aktivasi dengan Voucher 0289-2fa2-8601-e0c8', '2015-07-03 16:39:01', 'voucher'),
(24, 16, 'Aktivasi dengan Voucher 02ef-a442-b566-2fd4', '2015-07-03 16:43:53', 'voucher'),
(25, 17, 'Aktivasi dengan Voucher 00a7-4c73-b821-3cbe', '2015-07-03 16:48:08', 'voucher'),
(27, 17, 'Aktifasi selesai transfer referral', '2015-07-03 17:01:08', 'transfer'),
(29, 11, 'Aktifasi selesai transfer referral', '2015-07-05 08:45:39', 'transfer'),
(30, 19, 'Aktivasi dengan Voucher 030c-0a94-696b-e824', '2015-07-05 09:02:55', 'voucher'),
(31, 19, 'Aktifasi selesai transfer referral', '2015-07-05 09:10:25', 'transfer'),
(32, 20, 'Aktivasi dengan Voucher 032e-da19-758b-b16a', '2015-07-05 09:35:11', 'voucher'),
(33, 20, 'Aktifasi selesai transfer referral', '2015-07-05 09:55:24', 'transfer'),
(34, 21, 'Aktivasi dengan Voucher 0334-85fa-35b7-be82', '2015-07-05 10:15:44', 'voucher'),
(35, 21, 'Aktifasi selesai transfer referral', '2015-07-05 10:20:39', 'transfer'),
(36, 22, 'Aktivasi dengan Voucher 03e3-a21f-65b1-94f0', '2015-07-05 10:25:22', 'voucher'),
(39, 25, 'Aktivasi dengan Voucher 0485-42b4-e5f1-7266', '2015-07-05 11:04:18', 'voucher'),
(40, 26, 'Aktivasi dengan Voucher 0516-5536-3568-6144', '2015-07-05 11:10:24', 'voucher'),
(41, 27, 'Aktivasi dengan Voucher 0589-23dc-513d-7077', '2015-07-05 16:38:45', 'voucher'),
(42, 28, 'Aktivasi dengan Voucher 0858-20da-90e7-347b', '2015-07-05 16:45:38', 'voucher'),
(43, 29, 'Aktivasi dengan Voucher 05a0-a49b-0122-bdc8', '2015-07-05 17:29:10', 'voucher'),
(44, 28, 'Aktifasi selesai transfer referral', '2015-07-05 17:29:36', 'transfer'),
(45, 30, 'Aktivasi dengan Voucher 0754-9be5-eeeb-2441', '2015-07-05 17:31:32', 'voucher'),
(46, 30, 'Aktifasi selesai transfer referral', '2015-07-05 17:42:44', 'transfer'),
(47, 26, 'Aktifasi selesai transfer referral', '2015-07-05 18:03:23', 'transfer'),
(48, 31, 'Aktivasi dengan Voucher 0567-e289-1bda-eed3', '2015-07-05 18:08:34', 'voucher'),
(49, 32, 'Aktivasi dengan Voucher 05ab-a55f-2422-e2dd', '2015-07-05 18:21:40', 'voucher'),
(50, 34, 'Aktivasi dengan Voucher 05f7-7249-ab53-7648', '2015-07-05 18:44:33', 'voucher'),
(51, 35, 'Aktivasi dengan Voucher 07f5-ad6f-5ee2-e8e6', '2015-07-05 19:02:54', 'voucher'),
(52, 36, 'Aktivasi dengan Voucher 06ae-53c9-f922-bea5', '2015-07-05 19:13:47', 'voucher'),
(53, 36, 'Aktifasi selesai transfer referral', '2015-07-05 19:35:03', 'transfer'),
(54, 37, 'Aktivasi dengan Voucher 0762-433a-a194-f1ad', '2015-07-05 19:40:07', 'voucher'),
(55, 37, 'Aktifasi selesai transfer referral', '2015-07-05 19:47:33', 'transfer'),
(56, 38, 'Aktivasi dengan Voucher 0828-0413-7b44-8a96', '2015-07-05 19:50:26', 'voucher'),
(57, 39, 'Aktivasi dengan Voucher 0b45-94de-54a0-ffe4', '2015-07-05 19:56:37', 'voucher'),
(58, 39, 'Aktifasi selesai transfer referral', '2015-07-05 19:58:02', 'transfer'),
(59, 38, 'Aktifasi selesai transfer referral', '2015-07-05 20:12:17', 'transfer'),
(60, 40, 'Aktivasi dengan Voucher 0890-0f91-3d2e-f098', '2015-07-05 20:16:21', 'voucher'),
(61, 40, 'Aktifasi selesai transfer referral', '2015-07-05 20:26:07', 'transfer'),
(62, 41, 'Aktivasi dengan Voucher 08c4-e925-874b-5539', '2015-07-05 20:27:29', 'voucher'),
(63, 41, 'Aktifasi selesai transfer referral', '2015-07-05 22:00:29', 'transfer'),
(64, 42, 'Aktivasi dengan Voucher 0922-e947-4909-fb88', '2015-07-05 22:19:29', 'voucher'),
(65, 42, 'Aktifasi selesai transfer referral', '2015-07-05 23:11:16', 'transfer'),
(66, 43, 'Aktivasi dengan Voucher 09f9-ce7f-b071-db31', '2015-07-05 23:24:40', 'voucher'),
(67, 43, 'Aktifasi selesai transfer referral', '2015-07-06 08:11:44', 'transfer'),
(68, 44, 'Aktivasi dengan Voucher 0a17-8599-3a23-e7c9', '2015-07-06 08:25:31', 'voucher'),
(69, 44, 'Aktifasi selesai transfer referral', '2015-07-06 08:55:01', 'transfer'),
(70, 25, 'Aktifasi selesai transfer referral', '2015-07-06 12:36:50', 'transfer'),
(71, 45, 'Aktivasi dengan Voucher 0698-da95-d98b-d1dc', '2015-07-06 15:24:23', 'voucher'),
(72, 45, 'Aktifasi selesai transfer referral', '2015-07-06 16:02:54', 'transfer'),
(73, 46, 'Aktivasi dengan Voucher 24bb-7b4c-e977-3e8b', '2015-07-06 16:16:05', 'voucher'),
(74, 47, 'Aktivasi dengan Voucher 241b-2484-b2fb-7a07', '2015-07-06 16:20:31', 'voucher'),
(75, 48, 'Aktivasi dengan Voucher 2415-d49b-5e01-bee0', '2015-07-06 16:23:10', 'voucher'),
(76, 49, 'Aktivasi dengan Voucher 2406-073c-76d0-9fc5', '2015-07-06 16:26:21', 'voucher'),
(77, 50, 'Aktivasi dengan Voucher 23b7-ef42-7d12-d267', '2015-07-06 16:29:07', 'voucher'),
(78, 46, 'Aktifasi selesai transfer referral', '2015-07-06 16:40:59', 'transfer'),
(79, 47, 'Aktifasi selesai transfer referral', '2015-07-06 16:41:23', 'transfer'),
(80, 48, 'Aktifasi selesai transfer referral', '2015-07-06 16:42:12', 'transfer'),
(81, 49, 'Aktifasi selesai transfer referral', '2015-07-06 16:42:37', 'transfer'),
(82, 50, 'Aktifasi selesai transfer referral', '2015-07-06 16:43:02', 'transfer'),
(83, 51, 'Aktivasi dengan Voucher 206c-9b39-401b-c2e2', '2015-07-07 10:08:47', 'voucher'),
(84, 52, 'Aktivasi dengan Voucher 00db-57d7-14fa-3193', '2015-07-07 10:37:47', 'voucher'),
(85, 52, 'Aktifasi selesai transfer referral', '2015-07-07 10:40:04', 'transfer'),
(86, 53, 'Aktivasi dengan Voucher 1149-d415-18eb-2240', '2015-07-07 04:00:35', 'voucher'),
(87, 54, 'Aktivasi dengan Voucher 0033-f743-2e00-dc19', '2015-07-07 08:50:45', 'voucher'),
(88, 54, 'Aktifasi selesai transfer referral', '2015-07-07 09:02:45', 'transfer'),
(89, 54, 'Aktifasi selesai transfer referral', '2015-07-07 16:13:38', 'transfer'),
(90, 54, 'Aktifasi selesai transfer referral', '2015-07-07 16:14:02', 'transfer'),
(91, 54, 'Aktifasi selesai transfer referral', '2015-07-07 16:23:21', 'transfer'),
(92, 51, 'Aktifasi selesai transfer referral', '2015-07-07 16:46:35', 'transfer'),
(93, 57, 'Aktivasi dengan Voucher 208a-e47f-439e-f05d', '2015-07-07 16:52:07', 'voucher'),
(94, 58, 'Aktivasi dengan Voucher 2091-405d-22a3-10ef', '2015-07-07 16:54:47', 'voucher'),
(95, 63, 'Aktivasi dengan Voucher 0019-56b2-b715-041f', '2015-07-07 17:12:17', 'voucher'),
(96, 57, 'Aktifasi selesai transfer referral', '2015-07-07 17:12:24', 'transfer'),
(97, 58, 'Aktifasi selesai transfer referral', '2015-07-07 17:12:42', 'transfer'),
(98, 64, 'Aktivasi dengan Voucher 20f7-c8aa-c1dc-2103', '2015-07-07 17:25:54', 'voucher'),
(99, 65, 'Aktivasi dengan Voucher 2118-13d2-f137-f762', '2015-07-07 17:29:23', 'voucher'),
(100, 66, 'Aktivasi dengan Voucher 2171-58d1-639b-1012', '2015-07-07 17:31:50', 'voucher'),
(101, 67, 'Aktivasi dengan Voucher 2056-82f8-b518-f684', '2015-07-07 17:34:00', 'voucher'),
(102, 68, 'Aktivasi dengan Voucher 2049-384f-c382-0fb8', '2015-07-07 17:36:32', 'voucher'),
(103, 59, 'Aktivasi dengan Voucher 2345-42b7-9148-e0ca', '2015-07-07 17:43:16', 'voucher'),
(104, 61, 'Aktivasi dengan Voucher 2333-6766-1f6d-1273', '2015-07-07 17:45:52', 'voucher'),
(105, 64, 'Aktifasi selesai transfer referral', '2015-07-07 17:46:23', 'transfer'),
(106, 65, 'Aktifasi selesai transfer referral', '2015-07-07 17:46:41', 'transfer'),
(107, 66, 'Aktifasi selesai transfer referral', '2015-07-07 17:47:01', 'transfer'),
(108, 67, 'Aktifasi selesai transfer referral', '2015-07-07 17:47:16', 'transfer'),
(109, 68, 'Aktifasi selesai transfer referral', '2015-07-07 17:47:37', 'transfer'),
(110, 62, 'Aktivasi dengan Voucher 22db-873d-0c92-07a6', '2015-07-07 17:48:23', 'voucher'),
(111, 55, 'Aktivasi dengan Voucher 226b-f2f4-aaaa-1348', '2015-07-07 17:55:35', 'voucher'),
(112, 61, 'Aktifasi selesai transfer referral', '2015-07-07 18:01:32', 'transfer'),
(113, 63, 'Aktifasi selesai transfer referral', '2015-07-07 18:11:34', 'transfer'),
(114, 56, 'Aktivasi dengan Voucher 0116-821f-37dd-a8c4', '2015-07-07 18:14:03', 'voucher'),
(115, 56, 'Aktifasi selesai transfer referral', '2015-07-07 18:28:31', 'transfer'),
(116, 69, 'Aktivasi dengan Voucher 0056-4241-e172-79a2', '2015-07-07 18:43:34', 'voucher'),
(117, 69, 'Aktifasi selesai transfer referral', '2015-07-07 18:45:57', 'transfer'),
(118, 70, 'Aktivasi dengan Voucher 00c6-6d54-a926-e283', '2015-07-07 18:47:56', 'voucher'),
(119, 70, 'Aktifasi selesai transfer referral', '2015-07-07 18:59:17', 'transfer'),
(120, 71, 'Aktivasi dengan Voucher 202e-37dd-8df9-1068', '2015-07-07 23:02:17', 'voucher'),
(121, 72, 'Aktivasi dengan Voucher 1f46-a352-ff45-e38d', '2015-07-07 23:04:44', 'voucher'),
(122, 72, 'Aktifasi selesai transfer referral', '2015-07-07 23:16:35', 'transfer'),
(123, 73, 'Aktivasi dengan Voucher 0084-8d7b-38e5-64c4', '2015-07-08 15:18:19', 'voucher'),
(124, 73, 'Aktifasi selesai transfer referral', '2015-07-08 15:42:51', 'transfer');

-- --------------------------------------------------------

--
-- Table structure for table `admin`
--

CREATE TABLE IF NOT EXISTS `admin` (
  `id` int(10) unsigned NOT NULL AUTO_INCREMENT,
  `email` varchar(255) NOT NULL,
  `username` varchar(255) NOT NULL,
  `nama` varchar(255) NOT NULL,
  `password` varchar(255) NOT NULL,
  `updated_at` timestamp NOT NULL DEFAULT CURRENT_TIMESTAMP ON UPDATE CURRENT_TIMESTAMP,
  `created_at` timestamp NOT NULL DEFAULT '0000-00-00 00:00:00',
  `last_login` timestamp NOT NULL DEFAULT '0000-00-00 00:00:00',
  `super_admin` int(11) NOT NULL,
  PRIMARY KEY (`id`)
) ENGINE=InnoDB  DEFAULT CHARSET=latin1 AUTO_INCREMENT=2 ;

--
-- Dumping data for table `admin`
--

INSERT INTO `admin` (`id`, `email`, `username`, `nama`, `password`, `updated_at`, `created_at`, `last_login`, `super_admin`) VALUES
(1, 'admin@admin', 'admin', 'admin', '$2y$10$T44VIlj2nuZg8ZWsCAzZhevADpzQ2RwUq5N6redAtwNWwia7P8ZNC', '2015-07-07 18:42:58', '2015-06-27 17:00:00', '2015-07-07 18:42:58', 1);

-- --------------------------------------------------------

--
-- Table structure for table `bank`
--

CREATE TABLE IF NOT EXISTS `bank` (
  `id` int(10) unsigned NOT NULL AUTO_INCREMENT,
  `nama_bank` varchar(255) NOT NULL,
  PRIMARY KEY (`id`)
) ENGINE=InnoDB  DEFAULT CHARSET=latin1 AUTO_INCREMENT=12 ;

--
-- Dumping data for table `bank`
--

INSERT INTO `bank` (`id`, `nama_bank`) VALUES
(1, 'BCA'),
(2, 'Bank Mandiri'),
(3, 'Bank Mega'),
(4, 'BNI'),
(5, 'Bank CIMB Niaga'),
(6, 'BRI'),
(7, 'Bank Permata'),
(8, 'BII'),
(9, 'Bank Panin'),
(10, 'BTN'),
(11, 'Bank Danamon');

-- --------------------------------------------------------

--
-- Table structure for table `captcha`
--

CREATE TABLE IF NOT EXISTS `captcha` (
  `captcha_id` int(10) unsigned NOT NULL AUTO_INCREMENT,
  `captcha_time` int(10) unsigned DEFAULT NULL,
  `ip_address` varchar(16) DEFAULT NULL,
  `word` varchar(20) NOT NULL,
  PRIMARY KEY (`captcha_id`)
) ENGINE=MyISAM  DEFAULT CHARSET=latin1 AUTO_INCREMENT=367 ;

--
-- Dumping data for table `captcha`
--

INSERT INTO `captcha` (`captcha_id`, `captcha_time`, `ip_address`, `word`) VALUES
(46, 1435471582, '::1', '93OJffuE'),
(45, 1435471340, '::1', 'legTCm1S'),
(44, 1435471337, '::1', 'AOvoSJTM'),
(43, 1435471331, '::1', 'J5oCqsSY'),
(42, 1435471314, '::1', 'ofzwETnk'),
(41, 1435471298, '::1', 'VY3nCaLK'),
(40, 1435471230, '::1', 'nioMpkyZ'),
(39, 1435471013, '::1', '0Bwwfpbm'),
(38, 1435471010, '::1', 'ezd3WIkv'),
(37, 1435470686, '::1', 'nny7ZcWU'),
(36, 1435470655, '::1', '987bZZsR'),
(35, 1435470400, '::1', '8SZJMKBO'),
(34, 1435469587, '::1', 'gX5i35fQ'),
(33, 1435468797, '::1', 'UHGj7JYf'),
(32, 1435468716, '::1', 'aM1E2K05'),
(47, 1435479555, '::1', 'H7JByGCP'),
(48, 1435479692, '::1', 'ZQ0XX0PJ'),
(49, 1435479758, '::1', 'NJKA12MA'),
(50, 1435480022, '::1', 'nRua0sia'),
(51, 1435480087, '::1', 'UVDAe2V7'),
(52, 1435480129, '::1', 'TuovTVWA'),
(53, 1435480184, '::1', 'i5f1n6zB'),
(54, 1435480187, '::1', 'zuTLd1Uk'),
(55, 1435480266, '::1', 'YtesQRKj'),
(56, 1435480268, '::1', 'O6mwDk8D'),
(57, 1435480330, '::1', 'GNDStXDr'),
(58, 1435480332, '::1', 'GhHhRe7e'),
(59, 1435480379, '::1', 'fFaUr19z'),
(60, 1435480381, '::1', '39VOshLT'),
(61, 1435480438, '::1', 'wLbmg74R'),
(62, 1435480440, '::1', 'BXAdQmrM'),
(63, 1435508120, '::1', '494a1hfX'),
(64, 1435508183, '::1', 'pErWWohN'),
(65, 1435508288, '::1', 'oVz8OhlO'),
(66, 1435508290, '::1', '7H4lGCVR'),
(67, 1435515561, '::1', 'X1L27HLJ'),
(68, 1435515779, '::1', 'rglCARV9'),
(69, 1435516068, '::1', 'GsFPPd7b'),
(70, 1435529382, '::1', 'TUkKQX44'),
(71, 1435530220, '::1', 'JC6ODcfy'),
(72, 1435530262, '::1', 'yLyWQ4GC'),
(73, 1435530274, '::1', 'QQ7YdEdg'),
(74, 1435530297, '::1', 'RvKCIPwy'),
(75, 1435530309, '::1', 'hgOUZw0w'),
(76, 1435615590, '::1', 'YieyKdnO'),
(77, 1435615874, '::1', 'QnkKwuWn'),
(78, 1435615941, '::1', 'DPwFzVAa'),
(79, 1435615971, '::1', 'rn7814Vj'),
(80, 1435615984, '::1', 'NztbMWel'),
(81, 1435616007, '::1', 'LNcnprzP'),
(82, 1435616027, '::1', 'Fl3D0CGM'),
(83, 1435616067, '::1', 'hJB9iW2F'),
(84, 1435616097, '::1', 'pMi77ad3'),
(85, 1435616195, '::1', 'r6AQgMG5'),
(86, 1435616250, '::1', '1yAgDXGm'),
(87, 1435616262, '::1', 'nCboGOXi'),
(88, 1435616279, '::1', 'ssN8bMCz'),
(89, 1435616382, '::1', 'H2sf6cvj'),
(90, 1435616477, '::1', 'AzY3hFpY'),
(91, 1435616505, '::1', 'v5NgCcVa'),
(92, 1435616548, '::1', 'oaSJsGo1'),
(93, 1435616561, '::1', 'yVznVCFV'),
(94, 1435616585, '::1', 'ITngRPrF'),
(95, 1435616776, '::1', '5golJDEM'),
(96, 1435619022, '::1', 'Vna47O48'),
(97, 1435619038, '::1', 'UPntGN74'),
(98, 1435619091, '::1', 'jKIDHPSF'),
(99, 1435619899, '::1', '8phbL6cM'),
(100, 1435620100, '::1', 'X4oo9x24'),
(101, 1435620671, '::1', 'PQoAH8rP'),
(102, 1435621076, '::1', 'Iat0l2Ye'),
(103, 1435621149, '::1', 'WaitfIeh'),
(104, 1435621230, '::1', 'TT6KxTjx'),
(105, 1435621299, '::1', '7DEzlNJj'),
(106, 1435621378, '::1', 'aj1c09AX'),
(107, 1435621494, '::1', '3p4YEwIs'),
(108, 1435621552, '::1', '2fXoU7pt'),
(109, 1435621577, '::1', 'oohM6oHI'),
(110, 1435621598, '::1', 'dQjR9Fld'),
(111, 1435621753, '::1', 'fMW6KZv5'),
(112, 1435621827, '::1', 'h2KQ7iuX'),
(113, 1435621862, '::1', '8crXewwn'),
(114, 1435621931, '::1', 'YQCvBxWj'),
(115, 1435621962, '::1', 'rPouLW2k'),
(116, 1435622008, '::1', 'oiwxq068'),
(117, 1435622049, '::1', 'bsZX4AsL'),
(118, 1435622762, '::1', 'ouYBs7XC'),
(119, 1435622865, '::1', 'tpktjgZo'),
(120, 1435637740, '::1', 't6O4a67h'),
(121, 1435715605, '::1', 't9FCijcA'),
(122, 1435759309, '36.77.141.244', 'H42iOktk'),
(123, 1435759341, '36.77.141.244', '3JACvVeP'),
(124, 1435761326, '114.121.155.153', 'tbmaJ4FY'),
(125, 1435763078, '36.77.141.244', '9FKmmZxD'),
(126, 1435763083, '36.77.141.244', 'VAnNz5D4'),
(127, 1435763255, '36.77.141.244', '5B6rTF63'),
(128, 1435763289, '36.77.141.244', 'UtEpYPgz'),
(129, 1435763343, '36.77.141.244', 'Akomxhdw'),
(130, 1435763347, '36.77.141.244', 'rEuMDxVm'),
(131, 1435765188, '69.58.178.56', 'LZ1WMB9Q'),
(132, 1435765962, '202.67.42.37', 'bm1eVzwE'),
(133, 1435766140, '36.77.141.244', 'rZoTcOgF'),
(134, 1435766198, '36.77.141.244', 'l5irgt2N'),
(135, 1435766222, '36.77.141.244', 'ucLxhI9D'),
(136, 1435766237, '36.77.141.244', 'HmQEJSik'),
(137, 1435766360, '192.99.150.120', 'JcW2Ipy5'),
(138, 1435766363, '173.252.90.122', 'WguzJYQ1'),
(139, 1435829364, '64.233.173.195', 'O7rTMZks'),
(140, 1435829600, '114.124.25.142', 'k44FuIGM'),
(141, 1435833190, '114.124.24.74', 'oukUd1en'),
(142, 1435833247, '180.252.61.252', 'gxrk36hU'),
(143, 1435833374, '114.124.24.74', 'sRLB3s0t'),
(144, 1435833594, '180.252.62.249', 'A6JptqQH'),
(145, 1435833774, '180.252.62.249', 'm4FmDeJj'),
(146, 1435833848, '168.235.198.217', 'wZkDA3CT'),
(147, 1435834053, '39.213.160.205', 'JbNZUe8e'),
(148, 1435834464, '180.252.62.249', 'TIEmYIvL'),
(149, 1435834767, '146.185.30.93', 'ybnY1FZi'),
(150, 1435836366, '120.172.202.33', 'ruGiAGI9'),
(151, 1435836431, '120.172.202.33', 'fideY7UJ'),
(152, 1435836647, '120.172.202.33', 'S1BAitCG'),
(153, 1435836669, '120.172.202.33', 'lPJvRW4Q'),
(154, 1435836994, '180.214.233.84', 'TTFW3K9F'),
(155, 1435837324, '120.172.202.33', 'EmHfqxA9'),
(156, 1435842460, '36.77.141.244', 'L0CxsTuz'),
(157, 1435842468, '36.77.141.244', 'MV9XAm5L'),
(158, 1435854384, '39.254.218.255', '6SFxQ8ZB'),
(159, 1435858128, '36.77.141.244', '3XfYW7Z9'),
(160, 1435858148, '36.77.141.244', 'y3lQsjY2'),
(161, 1435858281, '36.77.141.244', 'NAxYKd1F'),
(162, 1435867098, '110.137.19.109', 'sKlOPpOm'),
(163, 1435874918, '114.125.42.209', 'sY6ayneK'),
(164, 1435875721, '114.125.15.182', 'D26oV9IV'),
(165, 1435881997, '139.192.85.217', 'NcqHJPdR'),
(166, 1435882120, '139.192.85.217', 'T2FjhirG'),
(167, 1435882242, '139.192.85.217', 'TI6PuupA'),
(168, 1435882342, '139.192.85.217', 'r7CC6PMI'),
(169, 1435882366, '139.192.85.217', 'v3Ocyhe4'),
(170, 1435882368, '139.192.85.217', 'MwGFIzGv'),
(171, 1435883138, '139.192.85.217', 'QBE3b40M'),
(172, 1435888196, '206.183.1.74', 'V1Uofu5V'),
(173, 1435922945, '120.164.43.126', 'aVkKQTZM'),
(174, 1435923023, '120.164.43.126', 'AUrVaNn8'),
(175, 1435935517, '36.77.137.208', 'gOaFp8xX'),
(176, 1435935530, '36.77.137.208', '9KMtUFpI'),
(177, 1435935679, '36.77.137.208', '4omsrox9'),
(178, 1435935687, '36.77.137.208', 'OtQhSznw'),
(179, 1435936232, '36.77.137.208', '9SF44WWm'),
(180, 1435938889, '36.77.137.208', 'QvUYo7Dr'),
(181, 1435938894, '114.125.60.181', 'xQFOJI21'),
(182, 1435938900, '36.77.137.208', 'YWEiWs3t'),
(183, 1435939174, '36.77.137.208', 'EKHnewrX'),
(184, 1435939326, '36.77.137.208', 'DD744NQK'),
(185, 1435939506, '36.77.137.208', 'U07aHtBd'),
(186, 1435939529, '36.77.137.208', '9stwtkJw'),
(187, 1435939696, '36.77.137.208', 'XaboUMds'),
(188, 1435940217, '114.125.60.181', '2yGwzo2p'),
(189, 1435940221, '114.125.60.181', 'e7qttSzH'),
(190, 1435940226, '114.125.60.181', 'Z5dk0vpr'),
(191, 1435940575, '114.125.60.181', '0pdYOFiQ'),
(192, 1435941472, '114.125.60.181', 'ACXJI0HE'),
(193, 1435941698, '114.125.60.181', 'sAePXYIe'),
(194, 1435941930, '36.77.137.208', 'WsqE4TJy'),
(195, 1435941935, '36.77.137.208', 'N4czPm7L'),
(196, 1435941965, '36.77.137.208', '9mQEZhT2'),
(197, 1435942060, '114.125.60.181', 'ZU2GdYId'),
(198, 1435942141, '114.125.60.181', 'SCb4nDEk'),
(199, 1435942167, '114.125.60.181', 'fYBJrVWl'),
(200, 1435944224, '114.125.60.181', 'v4Rdojwd'),
(201, 1435944240, '114.125.60.181', '52gXqWbD'),
(202, 1435944245, '114.125.60.181', 'eUOIC4g2'),
(203, 1435944250, '114.125.60.181', 'IPWZk8dp'),
(204, 1435944260, '114.125.60.181', 'WhOA1uYI'),
(205, 1435944264, '114.125.60.181', 'AzkkqPzH'),
(206, 1435984077, '114.124.3.226', 'qcNop7JD'),
(207, 1436000351, '36.68.43.116', 'ESnTd1Oq'),
(208, 1436000475, '36.68.43.116', 'HIJog6Pp'),
(209, 1436003180, '64.233.173.190', 'XMykQqu2'),
(210, 1436003196, '64.233.173.190', 'hTvxCRto'),
(211, 1436003904, '64.233.173.200', 'GMkAbxna'),
(212, 1436003961, '64.233.173.200', 'cJi6XSnT'),
(213, 1436004009, '64.233.173.195', 'or67TWYz'),
(214, 1436004031, '64.233.173.195', 'CPhpyNFL'),
(215, 1436004054, '64.233.173.195', '6RLNBd36'),
(216, 1436004072, '64.233.173.200', 'u9V55vhN'),
(217, 1436004260, '64.233.173.190', '6Gpmpvov'),
(218, 1436018740, '114.125.14.176', '1l6IM6bN'),
(219, 1436018848, '114.125.14.176', 'MG50oE2d'),
(220, 1436018872, '114.125.14.176', 'CaUE1So1'),
(221, 1436018954, '114.125.14.176', 'zcYccDWr'),
(222, 1436019194, '114.125.14.176', 'qGA7vojs'),
(223, 1436019354, '114.125.14.176', 'CWjyVOhC'),
(224, 1436019397, '114.125.14.176', 'AepvoqNz'),
(225, 1436019415, '114.125.14.176', 'YkikZzG2'),
(226, 1436019437, '114.125.14.176', 'TNWKgHnG'),
(227, 1436019446, '114.125.14.176', 'buIvDTzC'),
(228, 1436019766, '114.125.14.176', 'FvFYe1l9'),
(229, 1436019779, '114.125.14.176', 'p3FFVGWs'),
(230, 1436025761, '114.124.6.176', 'ODvbFrsj'),
(231, 1436033041, '120.175.111.136', 'SAN8U1AH'),
(232, 1436088129, '114.125.9.195', 'yhw8QSA4'),
(233, 1436088142, '114.125.9.195', 'Y5J4GbVw'),
(234, 1436088167, '114.125.9.195', 'fcMdspFx'),
(235, 1436088641, '125.162.59.198', 'x0Nsv1NT'),
(236, 1436088698, '125.162.59.198', 'EMdnmJ1d'),
(237, 1436088988, '125.162.59.198', '2vlniEFu'),
(238, 1436089085, '125.162.59.198', 'cbPr8zyt'),
(239, 1436090250, '125.162.59.198', '4jhhQeNg'),
(240, 1436090646, '125.162.59.198', 'lrqcvxqM'),
(241, 1436090683, '114.125.9.195', '4wRbWH0S'),
(242, 1436090994, '114.125.9.195', 'JjX3ENUH'),
(243, 1436091055, '114.125.9.195', '55thg6wM'),
(244, 1436091756, '125.162.59.198', 'aHOlSjCV'),
(245, 1436091843, '125.162.59.198', '4BnGtPGu'),
(246, 1436091843, '114.125.9.195', 'wKliavuZ'),
(247, 1436092431, '125.162.59.198', 'OwQKPXhY'),
(248, 1436092901, '114.125.9.195', 'DgDLPIUa'),
(249, 1436092915, '114.125.9.195', 'l82j2iTq'),
(250, 1436093557, '125.162.59.198', 'fBrIvU8p'),
(251, 1436093653, '125.162.59.198', '4Gj6vMu5'),
(252, 1436093698, '114.125.9.195', 'U8AdY0Lh'),
(253, 1436093705, '125.162.59.198', 'PMuSi20L'),
(254, 1436093750, '114.125.9.195', 'QWn2IPd7'),
(255, 1436094448, '125.162.59.198', 'dfFpziNK'),
(256, 1436109844, '121.100.31.15', 'VgCQqCyC'),
(257, 1436110135, '114.125.11.189', 'oqyzGXme'),
(258, 1436113205, '202.67.43.46', '5B9O42Ff'),
(259, 1436113474, '202.67.43.46', 'Qqo3JLgq'),
(260, 1436113731, '114.125.11.189', 'l2IA5elf'),
(261, 1436113737, '114.125.11.189', 'pwnQGCqG'),
(262, 1436113804, '114.125.9.55', 'rMfr9AhI'),
(263, 1436114949, '139.192.9.41', '7QqYuXUw'),
(264, 1436116499, '114.125.11.189', 'drD65TBV'),
(265, 1436116521, '114.125.11.189', 'ic7ei5mL'),
(266, 1436116537, '114.125.11.189', 'PWfngxM5'),
(267, 1436116765, '114.125.11.189', '1dmUWnrf'),
(268, 1436116811, '202.67.42.39', 'mudWWA1g'),
(269, 1436116937, '202.67.42.39', 'R9dP3uZx'),
(270, 1436117152, '114.125.9.55', 'NBsBlgSh'),
(271, 1436117415, '114.125.11.189', '4yzj5NPX'),
(272, 1436119476, '125.162.59.198', 'XHELPl47'),
(273, 1436119906, '125.162.59.198', 'NiSLoCR1'),
(274, 1436119948, '125.162.59.198', 'hVqRUIkm'),
(275, 1436120311, '125.162.59.198', 'Nvb9blly'),
(276, 1436120350, '125.162.59.198', 'nm6oVnPF'),
(277, 1436121760, '125.162.59.198', 'mu5kxRS8'),
(278, 1436121813, '125.162.59.198', 'iDQtvOV7'),
(279, 1436122870, '114.125.11.189', 'qkpL1dHU'),
(280, 1436122955, '125.162.59.198', 'YolcJ6UM'),
(281, 1436123039, '125.162.59.198', 'Xj08AxSI'),
(282, 1436123097, '125.162.59.198', 'EwkTNqJ7'),
(283, 1436124730, '125.162.59.198', 'tHdWQTEE'),
(284, 1436124838, '125.162.59.198', '8aUoYYXu'),
(285, 1436124938, '125.162.59.198', '56dBIILr'),
(286, 1436125697, '125.162.59.198', '3QdhgL2l'),
(287, 1436125778, '114.125.11.189', '8CwSLbKj'),
(288, 1436125933, '114.125.11.189', 'ZarVg4Lz'),
(289, 1436126110, '114.125.11.189', 'R2AlPeEK'),
(290, 1436127021, '125.162.59.198', 'LjSUkBNm'),
(291, 1436127075, '125.162.59.198', 'V2XbKnBe'),
(292, 1436127302, '125.162.59.198', 'xmSbO5ga'),
(293, 1436127919, '125.162.59.198', 'lK01U2bI'),
(294, 1436127989, '125.162.59.198', 'kBYZf3UX'),
(295, 1436133749, '125.162.59.198', 'a1tVD0rt'),
(296, 1436137930, '125.162.59.198', 'K3Pfqbr6'),
(297, 1436170757, '125.162.59.198', 'OPeX7KTd'),
(298, 1436174455, '114.124.29.195', 'vzENOdVr'),
(299, 1436177999, '114.125.44.81', 'u61RzubV'),
(300, 1436178009, '114.125.44.81', 'hJcNzp90'),
(301, 1436178024, '114.125.44.81', 'q3wlkpAK'),
(302, 1436178029, '114.125.44.81', '9o2d5NzC'),
(303, 1436179792, '125.162.59.198', 'ksyU0vV5'),
(304, 1436182702, '168.235.196.14', 'J4zGTp7b'),
(305, 1436184603, '114.121.153.18', 'VVgHPfPf'),
(306, 1436184603, '114.121.153.18', 'QtZg4rfd'),
(307, 1436184905, '118.137.227.22', 'HHPiKn5c'),
(308, 1436186565, '118.137.227.22', 'aXIsVL4b'),
(309, 1436186908, '118.137.227.22', 'DIJ1hVKf'),
(310, 1436186970, '118.137.227.22', 'aXKAynX3'),
(311, 1436196580, '118.137.227.22', 'Nnknd3g5'),
(312, 1436196675, '118.137.227.22', 'VNOi7CaW'),
(313, 1436197912, '118.137.227.22', 'tfBrFtdO'),
(314, 1436197917, '118.137.227.22', '6aSZwZbx'),
(315, 1436198790, '118.137.227.22', 'FKoM3szW'),
(316, 1436198883, '118.137.227.22', 'QoHjNIVe'),
(317, 1436198978, '118.137.227.22', '9vvkBiYo'),
(318, 1436199064, '118.137.227.22', 'qOdUR0nm'),
(319, 1436199153, '118.137.227.22', 'cPN7e4Se'),
(320, 1436200002, '114.4.75.240', 'w1BSSdiC'),
(321, 1436209934, '66.249.79.174', 'bRrEpwJK'),
(322, 1436239154, '114.124.35.236', 'G1G0zIiX'),
(323, 1436261032, '120.191.169.37', 'hnyQobvs'),
(324, 1436263335, '139.192.85.217', 'LJHrNY1T'),
(325, 1436264366, '139.192.85.217', '2dfaWBkS'),
(326, 1436264442, '139.192.85.217', '6LZS9Cb6'),
(327, 1436264869, '180.242.4.29', '63xDor7x'),
(328, 1436264929, '180.242.4.29', 'kE0xdrYp'),
(329, 1436265370, '180.242.4.29', 'WlXtqqtM'),
(330, 1436241548, '202.67.43.40', 'moUzsywn'),
(331, 1436258471, '114.125.60.101', 'yAKi0wnD'),
(332, 1436258669, '114.125.60.101', 'tFP3blq5'),
(333, 1436286757, '118.137.227.22', 'V0alm6hB'),
(334, 1436286928, '118.137.227.22', 'qFaltc2m'),
(335, 1436287144, '114.125.60.101', 'tbkWGgvU'),
(336, 1436287656, '139.192.85.217', 'jkeIzVPq'),
(337, 1436287763, '118.137.227.22', 'XMyJuAYE'),
(338, 1436287770, '139.192.85.217', 'xvb3EwsV'),
(339, 1436287995, '202.67.42.42', 'ztIZp9YY'),
(340, 1436287995, '118.137.227.22', '3Ppnpwh4'),
(341, 1436288199, '118.137.227.22', 'uTJ3ZJmt'),
(342, 1436288326, '118.137.227.22', 'DSlVlegh'),
(343, 1436288435, '118.137.227.22', '10svRaJD'),
(344, 1436288790, '114.125.60.101', 'F2R9mck1'),
(345, 1436289490, '139.192.85.217', 'fcDSb7NI'),
(346, 1436289576, '139.192.85.217', 'A2FbOZut'),
(347, 1436289668, '139.192.85.217', 'AVWP7N3O'),
(348, 1436289754, '139.192.85.217', '1eSdXodD'),
(349, 1436289855, '139.192.85.217', 'TCUb5Oht'),
(350, 1436290934, '118.137.227.22', 'aWS7XYLr'),
(351, 1436294471, '114.125.10.155', 'QkFxuH1T'),
(352, 1436294808, '114.125.10.155', 'LGUAf5LI'),
(353, 1436309859, '139.192.85.217', 'TG7P984D'),
(354, 1436310002, '139.192.85.217', 'SGJvx2VU'),
(355, 1436331386, '202.62.17.226', 'UXhYtl3U'),
(356, 1436333974, '139.0.174.118', 'dCm1gTq3'),
(357, 1436335513, '110.138.45.26', 'lEg8q3Ho'),
(358, 1436340840, '180.242.4.29', '3obxWELZ'),
(359, 1436341908, '114.124.35.223', '9zC9d9A6'),
(360, 1436341909, '114.124.35.223', 'xMJdhuv1'),
(361, 1436341909, '114.124.35.223', '2V1wbTAN'),
(362, 1436341910, '114.124.35.223', 'eiSlVcJT'),
(363, 1436342391, '114.79.12.30', 'oUQ9up20'),
(364, 1436342392, '114.79.12.30', '8emTaLPU'),
(365, 1436359941, '180.242.4.29', 'l4tbEZfZ'),
(366, 1436368238, '114.125.10.172', '2AEXRREQ');

-- --------------------------------------------------------

--
-- Table structure for table `contents`
--

CREATE TABLE IF NOT EXISTS `contents` (
  `id` int(10) unsigned NOT NULL AUTO_INCREMENT,
  `judul` varchar(255) NOT NULL,
  `isi` text NOT NULL,
  `jenis` int(10) unsigned NOT NULL,
  `slug` varchar(255) NOT NULL,
  `updated_at` timestamp NOT NULL DEFAULT CURRENT_TIMESTAMP ON UPDATE CURRENT_TIMESTAMP,
  `created_at` timestamp NOT NULL DEFAULT '0000-00-00 00:00:00',
  PRIMARY KEY (`id`)
) ENGINE=InnoDB  DEFAULT CHARSET=latin1 AUTO_INCREMENT=2 ;

--
-- Dumping data for table `contents`
--

INSERT INTO `contents` (`id`, `judul`, `isi`, `jenis`, `slug`, `updated_at`, `created_at`) VALUES
(1, 'homepage', '<h2 class="font_2" style="margin: 0px; padding: 0px; border: 0px; outline: 0px; vertical-align: baseline; font-weight: normal; font-size: 24px; font-family: raleway, sans-serif; color: rgb(89, 89, 89); text-align: center; background: transparent;">\r\n	<img alt="" src="http://permatanetwork.com/ag/0/source/a4868e_93abe2a6402a40e198c1f57e3a1f9eda.jpg" style="width: 200px; height: 200px;" />&nbsp; &nbsp;<img alt="" src="http://permatanetwork.com/ag/0/source/a4868e_8f4dcdeae9ec47a9a622e713b1dd2503.jpg" style="width: 200px; height: 200px;" />&nbsp; &nbsp;<img alt="" src="http://permatanetwork.com/ag/0/source/a4868e_112a0e1e33fe439ea1b160b78b337e7c.jpg" style="width: 200px; height: 200px;" />&nbsp; &nbsp;<img alt="" src="http://permatanetwork.com/ag/0/source/a4868e_23779e3f9cab48fba7290bd40ec7a362.jpg" style="width: 200px; height: 200px;" />&nbsp; &nbsp;&nbsp; &nbsp;</h2>\r\n<hr />\r\n<h2 class="font_2" style="margin: 0px; padding: 0px; border: 0px; outline: 0px; vertical-align: baseline; font-weight: normal; font-stretch: normal; font-size: 24px; font-family: raleway, sans-serif; color: rgb(89, 89, 89); text-align: justify; background: transparent;">\r\n	<span style="margin: 0px; padding: 0px; border: 0px; outline: 0px; vertical-align: baseline; background: transparent;"><span style="margin: 0px; padding: 0px; border: 0px; outline: 0px; vertical-align: baseline; font-weight: bold; background: transparent;">Apa itu Batu Kecubung?</span></span></h2>\r\n<p>\r\n	&nbsp;</p>\r\n<p style="text-align: justify;">\r\n	<span style="color: rgb(89, 89, 89); font-size: 18px; font-family: raleway, sans-serif; text-align: justify; background-color: transparent;">Batu Kecubung adalah nama pasaran untuk batu permata jenis Amethyst.&nbsp;Nama Amethyst sendiri berasal dari kata Yunani &ldquo;Amethystos&rdquo; yang artinya &ldquo;Tidak Mabuk&rdquo;, karena sering digunakan sebagai jimat untuk melindungi diri dari keracunan. Sejak batu Kecubung dijadikan penangkal terhadap mabuk, banyak gelas anggur yang kemudian menggunakan ukiran batu Kecubung pada desainnya. Sampai dengan hari ini, batu Kecubung berwarna ungu adalah simbol ketenangan.</span></p>\r\n<p class="font_8" style="margin: 0px; padding: 0px; border: 0px; outline: 0px; vertical-align: baseline; font-stretch: normal; font-size: 14px; font-family: raleway, sans-serif; color: rgb(48, 48, 48); text-align: justify; background: transparent;">\r\n	&nbsp;</p>\r\n<p class="font_7" style="margin: 0px; padding: 0px; border: 0px; outline: 0px; vertical-align: baseline; font-stretch: normal; font-size: 18px; font-family: raleway, sans-serif; color: rgb(89, 89, 89); text-align: justify; background: transparent;">\r\n	<span style="margin: 0px; padding: 0px; border: 0px; outline: 0px; vertical-align: baseline; background: transparent;">Batu kecubung dipercaya memiliki sifat yang membawa stabilitas, perdamaian, keseimbangan, keberanian, kekuatan internal, ketulusan, dan ketenangan.</span></p>\r\n<p class="font_7" style="margin: 0px; padding: 0px; border: 0px; outline: 0px; vertical-align: baseline; font-stretch: normal; font-size: 18px; font-family: raleway, sans-serif; color: rgb(89, 89, 89); text-align: justify; background: transparent;">\r\n	<span style="margin: 0px; padding: 0px; border: 0px; outline: 0px; vertical-align: baseline; background: transparent;">Batu ini juga diyakini efektif mengobati masalah kesehatan yang berhubungan dengan gejala kecanduan, sakit kepala, insomnia, artritis, nyeri, masalah sistem peredaran darah, dan penyembuhan secara umum.</span></p>\r\n<p class="font_7" style="margin: 0px; padding: 0px; border: 0px; outline: 0px; vertical-align: baseline; font-stretch: normal; font-size: 18px; font-family: raleway, sans-serif; color: rgb(89, 89, 89); text-align: justify; background: transparent;">\r\n	<span style="margin: 0px; padding: 0px; border: 0px; outline: 0px; vertical-align: baseline; background: transparent;">Dengan mengacu pada asal kata Yunani, batu kecubung dianggap sebagai batu yang bisa mencegah dan mengobati mabuk alkohol dan jenis kecanduan lain.</span></p>\r\n<p class="font_7" style="margin: 0px; padding: 0px; border: 0px; outline: 0px; vertical-align: baseline; font-stretch: normal; font-size: 18px; font-family: raleway, sans-serif; color: rgb(89, 89, 89); text-align: justify; background: transparent;">\r\n	<span style="margin: 0px; padding: 0px; border: 0px; outline: 0px; vertical-align: baseline; background: transparent;">Oleh karena itu, batu kecubung bertindak sebagai kekuatan stabilisasi bagi mereka yang berusaha untuk mengatasi perilaku adiktif.</span></p>\r\n<p class="font_7" style="margin: 0px; padding: 0px; border: 0px; outline: 0px; vertical-align: baseline; font-stretch: normal; font-size: 18px; font-family: raleway, sans-serif; color: rgb(89, 89, 89); text-align: justify; background: transparent;">\r\n	&nbsp;</p>\r\n<h2 class="font_2" style="margin: 0px; padding: 0px; border: 0px; outline: 0px; vertical-align: baseline; font-weight: normal; font-stretch: normal; font-size: 24px; font-family: raleway, sans-serif; color: rgb(89, 89, 89); text-align: justify; background: transparent;">\r\n	<span style="margin: 0px; padding: 0px; border: 0px; outline: 0px; vertical-align: baseline; background: transparent;"><span style="margin: 0px; padding: 0px; border: 0px; outline: 0px; vertical-align: baseline; font-weight: bold; background: transparent;">Manfaat Batu Kecubung</span></span></h2>\r\n<p style="text-align: justify;">\r\n	<span style="margin: 0px; padding: 0px; border: 0px; outline: 0px; vertical-align: baseline; background: transparent;"><span style="margin: 0px; padding: 0px; border: 0px; outline: 0px; vertical-align: baseline; font-weight: bold; background: transparent;"><img alt="" src="http://permatanetwork.com/ag/0/source/1.jpg" style="width: 257px; height: 220px; float: left; margin: 10px 30px;" /></span></span><span style="color: rgb(48, 48, 48); font-family: raleway, sans-serif; font-size: 18px; text-align: justify;">Khasiat batu kecubung &ndash; Kecubung atau Amethyst merupakan jenis batu mulia populer didunia dengan warna umum ungu berkilau, merah muda dan kebiruan. Batu permata ini di Indonesia lebih dikenal dengan sebutan batu kecubung ungu dan dipercaya memiliki khasiat. Sedangkan harga nya bisa ratusan sampai puluhan juta rupiah untuk jenis batu terbaik.</span></p>\r\n<p style="text-align: justify;">\r\n	<span style="color: rgb(48, 48, 48); font-family: raleway, sans-serif; font-size: 18px; text-align: justify;">Batu Amethyst (kecubung) merupakan batuan mineral kuarsa atau jenis mineral berstruktur kristal heksagonal terbuat dari silika (silikon dioksida) dengan tingkat kekerasan hingga 7 mohs. Keunikan warna pada batu permata ini menimbulkan daya tarik tersendiri dan tidak dimiliki jenis batu mulia lainnya.</span></p>\r\n<p style="text-align: justify;">\r\n	<span style="color: rgb(48, 48, 48); font-family: raleway, sans-serif; font-size: 18px; text-align: justify;">Terkait mitos yang berkembang, batu ini juga dianggap sebagai batu kelahiran Februari dalam zodiak. Sebutan pada batu ini juga tidak lepas dengan mitos yang berkembang pada zamat itu dan dikenal dengan istilah&lsquo;amethyst&rsquo; asal kata Yunani &lsquo;amethystos&rsquo; yang berarti obat untuk mencegah mabuk.Sehingga batu ini dipercaya bisa membawa keberuntungan bagi pemiliknya terutama mereka yang punya kelahiran bulan Februari. Pada zaman dulu batu ini banyak dipakai kalangan raja-raja, pangeran dan puteri kerjaan sebagai pembangkit aura baik untuk kecantikan atau untuk menambah kewibawaan.</span></p>\r\n', 2, 'homepage-1', '2015-07-01 16:05:14', '2015-07-01 16:05:14');

-- --------------------------------------------------------

--
-- Table structure for table `forget_password`
--

CREATE TABLE IF NOT EXISTS `forget_password` (
  `id` int(10) unsigned NOT NULL AUTO_INCREMENT,
  `id_member` int(10) unsigned NOT NULL,
  `key` varchar(255) NOT NULL,
  `expired_at` timestamp NOT NULL DEFAULT CURRENT_TIMESTAMP ON UPDATE CURRENT_TIMESTAMP,
  PRIMARY KEY (`id`)
) ENGINE=InnoDB DEFAULT CHARSET=latin1 AUTO_INCREMENT=1 ;

-- --------------------------------------------------------

--
-- Table structure for table `members`
--

CREATE TABLE IF NOT EXISTS `members` (
  `id` int(10) unsigned NOT NULL AUTO_INCREMENT,
  `code` varchar(10) NOT NULL,
  `email` varchar(255) NOT NULL,
  `username` varchar(255) NOT NULL,
  `password` varchar(255) NOT NULL,
  `updated_at` timestamp NOT NULL DEFAULT CURRENT_TIMESTAMP ON UPDATE CURRENT_TIMESTAMP,
  `created_at` timestamp NOT NULL DEFAULT '0000-00-00 00:00:00',
  `last_login` timestamp NOT NULL DEFAULT '0000-00-00 00:00:00',
  `limited_transfer_at` timestamp NOT NULL DEFAULT '0000-00-00 00:00:00',
  `activation_at` timestamp NOT NULL DEFAULT '0000-00-00 00:00:00',
  `referral_code` varchar(10) NOT NULL,
  `dikirim` int(11) NOT NULL,
  `status` int(11) NOT NULL,
  PRIMARY KEY (`id`),
  UNIQUE KEY `code` (`code`,`email`)
) ENGINE=InnoDB  DEFAULT CHARSET=latin1 AUTO_INCREMENT=74 ;

--
-- Dumping data for table `members`
--

INSERT INTO `members` (`id`, `code`, `email`, `username`, `password`, `updated_at`, `created_at`, `last_login`, `limited_transfer_at`, `activation_at`, `referral_code`, `dikirim`, `status`) VALUES
(1, 'L4PR01D', 'first@first.com', 'first', '$2y$10$vzgcMQvzSyFoEtWJ39AhGev1C9.aJsg88IjfY4xhH4Y/a0OGrNhl6', '2015-07-08 15:38:42', '2015-06-27 17:00:00', '2015-07-08 15:38:42', '0000-00-00 00:00:00', '0000-00-00 00:00:00', '', 0, 1),
(2, '73DD48C', 'isa1@isa.com', 'isa1', '$2y$10$Uybk0xk6If58kmrnMuxRuOECj1KJby8LXNP3N1EE8R3Q6WRaz3XKW', '2015-07-03 16:00:05', '2015-06-28 08:28:30', '2015-07-03 16:00:05', '0000-00-00 00:00:00', '0000-00-00 00:00:00', 'L4PR01D', 0, 1),
(3, 'CFB3350', 'isa2@isa.com', 'isa2', '$2y$10$jWvO.K12nVb6zTaZvnZ4Ke9Yzag4ibGucfyVHYtubFBFgVrdwiPyW', '2015-07-08 15:35:05', '2015-06-28 08:29:39', '2015-07-08 15:35:05', '0000-00-00 00:00:00', '2015-07-07 16:14:02', '73DD48C', 0, 1),
(4, 'B5E4C8A', 'isa3@isa.com', 'isa3', '$2y$10$nqe0bf/5ZjFo9fUcD8ziiOtFbU8Clbq4D5rxNKBB6f2AuDdfrl2Za', '2015-07-08 15:34:41', '2015-06-28 08:31:02', '2015-07-08 15:34:41', '0000-00-00 00:00:00', '0000-00-00 00:00:00', 'CFB3350', 0, 1),
(5, '4539A08', 'isa4@isa.com', 'isa4', '$2y$10$1rJoRWxZfOTeC8nn41Ae..QFZHrtjNy0NJCi3wUBjrzkSChqiJkPS', '2015-07-08 15:33:20', '2015-06-28 08:32:07', '2015-07-08 15:33:20', '0000-00-00 00:00:00', '0000-00-00 00:00:00', 'B5E4C8A', 0, 1),
(6, '05AA10F', 'isa5@isa.com', 'isa5', '$2y$10$FpQwLsCUQEdU7Wp3QCqFJe/QfiR9tkKu8pr50XwTYWeSiw4FJHX1m', '2015-07-08 15:43:02', '2015-06-28 08:32:57', '2015-07-08 15:43:02', '0000-00-00 00:00:00', '0000-00-00 00:00:00', '4539A08', 0, 1),
(7, '88DDC5A', 'isa6@isa.com', 'isa6', '$2y$10$FSWONV0E9SBs9594wXdjWu.cL4hHwP7uQiaJHw.aFaUhYTX/714I2', '2015-07-07 18:50:17', '2015-06-28 08:33:55', '2015-07-07 18:50:17', '0000-00-00 00:00:00', '0000-00-00 00:00:00', '05AA10F', 0, 1),
(8, '083BF11', 'isa7@isa.com', 'isa7', '$2y$10$oCfzbxRwMikgMKXMNBsLzeUREBDw8GwrwpOWant/R/89NDsIMUraK', '2015-07-07 18:59:42', '2015-06-28 08:34:46', '2015-07-07 18:59:42', '2015-07-02 20:14:34', '0000-00-00 00:00:00', '88DDC5A', 0, 1),
(10, 'ECA8A33', 'ronald99@gmail.com', 'Ronald', '$2y$10$dizi54bwId8LZSbDHFi1gectOfkJparY1hNEB03/95U5fzeX7Hw76', '2015-07-07 10:30:50', '2015-07-01 15:57:34', '2015-07-03 15:00:51', '2015-07-03 04:05:03', '0000-00-00 00:00:00', '88DDC5A', 0, 1),
(11, '084161C', 'hermansemesta@gmail.com', 'semestatest', '$2y$10$Ehh0xS0ZItVviHW1DEwZ8eUtEJUh31T.QyIBk.oGdOfV1SZB2ldpa', '2015-07-05 08:45:39', '2015-07-02 11:43:15', '2015-07-05 08:42:20', '2015-07-06 06:04:48', '2015-07-05 08:45:39', '083BF11', 0, 1),
(12, '26107E6', 'mymiracle89@yahoo.com', 'untungsukses', '$2y$10$ZtxkmmDLKD2WJKjNjkKOau.G1Yb2v792Xub3E9pLOlsPd/sB1kp4e', '2015-07-02 11:50:38', '2015-07-02 11:50:20', '2015-07-02 11:50:38', '0000-00-00 00:00:00', '0000-00-00 00:00:00', '083BF11', 0, 0),
(13, '9B1C470', 'riki1181@gmail.com', 'Riki', '$2y$10$9tPN1RXhykbyJ2MWZOkg7.WqjGuMXxH0qwFz31w1E66HJxhU/xB/S', '2015-07-07 10:30:51', '2015-07-03 16:09:42', '2015-07-03 16:16:41', '2015-07-05 04:11:38', '0000-00-00 00:00:00', 'L4PR01D', 0, 1),
(14, '22CFEF9', 'isa10@isa.com', 'isa10', '$2y$10$ZGLw8RoDdAHXMENKtJVaY.7sg6DCyKPJ.2yBvO4V14asMmCzNqtam', '2015-07-07 10:30:52', '2015-07-03 16:24:53', '2015-07-06 13:13:53', '2015-07-05 04:37:08', '0000-00-00 00:00:00', 'L4PR01D', 0, 1),
(15, 'F8305E0', 'isa11@isa.com', 'isa11', '$2y$10$n/J4o2M.QzoSpZwBa76MV.8RJN1tPWF7QweXGAkTkELCfIQvlFC9e', '2015-07-07 10:30:52', '2015-07-03 16:38:40', '2015-07-03 16:38:51', '2015-07-05 04:39:01', '0000-00-00 00:00:00', 'L4PR01D', 0, 1),
(16, '40EC8BB', 'isa12@isa.com', 'isa12', '$2y$10$CUIW7Gsjo.xInDlkX6vhgOnMBRWdPkKgNbN8X32V8euTEtRcMBZ7q', '2015-07-07 10:30:53', '2015-07-03 16:42:44', '2015-07-03 16:47:13', '2015-07-05 04:43:53', '0000-00-00 00:00:00', '88DDC5A', 0, 1),
(17, '69150DB', 'dino@yahoo.com', 'Dino', '$2y$10$dmz8KfTDDEzs3J0zttZmZ.a0oStwMEzfpTjD8urgkqGkJQTzX0X6q', '2015-07-05 17:52:02', '2015-07-03 16:47:15', '2015-07-05 17:52:02', '2015-07-05 04:48:08', '2015-07-03 17:01:08', 'L4PR01D', 0, 1),
(18, '9F221EC', 'isa13@isa.com', 'isa13', '$2y$10$aiSYi5dpYamu/EHlG26ERueHDQ5zzuJbCYBbok2iX3cvSUCBnKNee', '2015-07-07 10:30:54', '2015-07-03 16:49:47', '2015-07-03 16:50:02', '2015-07-05 04:50:18', '0000-00-00 00:00:00', '083BF11', 0, 1),
(19, '36FCB78', 'hermansemesta2@gmail.com', 'sejahtera', '$2y$10$7zDwjHsMUZ9w/FmK9RgnN.69sia6CBpZlPDv6DckrzBJbkgVLnMaC', '2015-07-07 16:29:17', '2015-07-04 09:01:41', '2015-07-07 16:29:17', '2015-07-06 21:02:55', '2015-07-05 09:10:25', 'L4PR01D', 0, 1),
(20, '5472CA8', 'hermansemesta5@gmail.com', 'sejahtera2', '$2y$10$teR1hs9WchQqloGFipcs4Ov4ZldEGuOc4IuPIyEK.u1vYqwoUvdVC', '2015-07-05 21:15:23', '2015-07-05 09:34:07', '2015-07-05 21:15:23', '2015-07-06 21:35:11', '2015-07-05 09:55:24', '36FCB78', 0, 1),
(21, 'F211054', 'herman3@gmail.com', 'sejahtera3', '$2y$10$GI1cTJuLwzQ0MrjTjZuII.Cve4/AnccjBn8nFZz6z2JbMtL6kG/gi', '2015-07-05 22:57:10', '2015-07-05 10:14:59', '2015-07-05 22:57:10', '2015-07-06 22:15:44', '2015-07-05 10:20:39', '5472CA8', 0, 1),
(22, '0FE6B2F', 'herman4@gmail.com', 'sejahtera4', '$2y$10$bOEyFyMdb9MXgIxzuSj4m.Qd0fQguqcfMsZgBtNdrsUeRW0Vj9E8G', '2015-07-07 10:30:55', '2015-07-05 10:24:25', '2015-07-06 08:06:04', '2015-07-06 22:25:22', '0000-00-00 00:00:00', 'F211054', 0, 1),
(23, '8BFD71A', 'herman5@gmail.com', 'permata5', '$2y$10$tzHshZmXeiuY7R3OPRdvZ.LEOxwHxQw1KpMjkHCEqEA8N9tv0Yt7q', '2015-07-07 10:30:59', '2015-07-05 10:35:04', '2015-07-06 11:11:08', '2015-07-06 22:50:46', '0000-00-00 00:00:00', '0FE6B2F', 0, 1),
(24, 'AD02348', 'test@yahoo.com', 'test2', '$2y$10$aY4gpTS7Uc03YRhS6ZGxY./p/sZtd.4SfWASPWY0tOm3aIUPkH0Tu', '2015-07-07 10:31:00', '2015-07-05 10:56:12', '2015-07-05 11:03:13', '2015-07-06 23:01:02', '0000-00-00 00:00:00', '0FE6B2F', 0, 1),
(25, '3DC67F8', 'sponsor2@gmail.com', 'sponsor2', '$2y$10$icJpOoNE.0.pGGcfNmYEbO6HJ/8piGllnuSvhFM4WrKSye6MjNS5y', '2015-07-06 12:36:50', '2015-07-05 11:02:57', '2015-07-06 12:36:40', '2015-07-06 23:04:18', '2015-07-06 12:36:50', '36FCB78', 0, 1),
(26, '857A549', 'sponsor3@gmail.com', 'sponsor3', '$2y$10$erj0nVemc0E2d6F87wMvuuocXCfYB2rcvpIotFSpHaXl/3U3LW8Ue', '2015-07-05 18:42:11', '2015-07-05 11:08:41', '2015-07-05 18:42:11', '2015-07-06 23:10:24', '2015-07-05 18:03:23', '36FCB78', 0, 1),
(27, '2931A45', 'isa14@isa.com', 'isa14', '$2y$10$J5t.d0LsHZLiebZqNMpbo.iTyLt4rpm28GT/7fIiO1MbIQUZtPrp2', '2015-07-07 10:31:01', '2015-07-05 16:37:49', '2015-07-06 12:47:19', '2015-07-07 04:38:45', '0000-00-00 00:00:00', '88DDC5A', 0, 1),
(28, 'A9F0E61', 'second@gmail.com', 'second', '$2y$10$IpN./cUMk7vtTFwOfd2rbOSibFMgkmqH6kCgXgo4mpTT1N512o8X6', '2015-07-06 12:58:35', '2015-07-05 16:44:48', '2015-07-06 12:58:35', '2015-07-07 04:45:38', '2015-07-05 17:29:36', 'L4PR01D', 0, 1),
(29, '3FF1C62', 'isa15@isa.com', 'isa15', '$2y$10$dKQYC3Zs9YU7ZBbmLSBbC.OiUUxknL7CPF4r9uMBhYwwp/8AY4vKu', '2015-07-07 10:31:04', '2015-07-05 17:26:42', '2015-07-05 17:32:14', '2015-07-07 05:29:10', '0000-00-00 00:00:00', 'B5E4C8A', 0, 1),
(30, 'DD5C8BF', 'third@gmail.com', 'third', '$2y$10$C/BsByHtWryrq9mqP2kRNuFVNqdjrVyfOGQ1P8iHAygEitEDIN38m', '2015-07-05 18:00:16', '2015-07-05 17:31:01', '2015-07-05 18:00:16', '2015-07-07 05:31:32', '2015-07-05 17:42:44', 'A9F0E61', 0, 1),
(31, '933B1DE', 'samping2@gmail.com', 'samping2', '$2y$10$TDdFB6IkzDL3qxTOYl4Fl.4M2uU94RmLxUrXZVHYF7L4HRrSlrnfi', '2015-07-07 10:30:45', '2015-07-05 18:05:23', '2015-07-05 18:06:11', '2015-07-07 06:08:34', '0000-00-00 00:00:00', '36FCB78', 0, 1),
(32, '308F84A', 'samping3@gmail.com', 'samping3', '$2y$10$wUa55.dTvNId5Jrm73mvxeF.OzzBG0WPDU/LQLYXYGQ3UwEtY8n5O', '2015-07-07 10:30:43', '2015-07-05 18:12:55', '2015-07-05 18:39:19', '2015-07-07 06:21:40', '0000-00-00 00:00:00', '36FCB78', 0, 1),
(33, 'C06FB8D', 'samping4@gmail.com', 'samping4', '$2y$10$UVaBfhoyzh4cHnefRa72BeDomMgIrY7X15kpdgKeFgkVugH7T/5W2', '2015-07-05 18:19:42', '2015-07-05 18:19:42', '0000-00-00 00:00:00', '0000-00-00 00:00:00', '0000-00-00 00:00:00', '36FCB78', 0, 0),
(34, '6901394', 'sponsorke3@gmail.com', 'sponsorke3', '$2y$10$I8A37CQzio68kubLga9z6.L.1GUzD7A56iPmBXa0JT9vwZENBrHiu', '2015-07-07 10:30:41', '2015-07-05 18:44:10', '2015-07-05 18:44:21', '2015-07-07 06:44:33', '0000-00-00 00:00:00', '36FCB78', 0, 1),
(35, 'C0759F2', 'fourth@gmail.com', 'fourth', '$2y$10$TzjC2ImfsWbIK2J/X5rMBeinaNz9USKWk.IgELbBAliHA7kAkUOFO', '2015-07-07 10:27:35', '2015-07-05 19:01:51', '2015-07-07 10:21:44', '2015-07-07 07:02:54', '0000-00-00 00:00:00', 'DD5C8BF', 0, -1),
(36, '8CD4A38', 'herman6@gmail.com', 'herman6', '$2y$10$CICIa2fYFnkCgjUhnBNRn.1oNOpvb2FsoUDz6EQI3upmJvH5f67Ce', '2015-07-07 16:48:21', '2015-07-05 19:05:15', '2015-07-07 16:48:21', '2015-07-07 07:13:47', '2015-07-05 19:35:03', '0FE6B2F', 0, 1),
(37, 'E9B2CE2', 'herman7@gmail.com', 'herman7', '$2y$10$nGHP76XuwUsCw/RdbHKCmOlnKT6wLVGddt9ZuXcVL2COGf5BEDwSW', '2015-07-07 16:45:38', '2015-07-05 19:35:57', '2015-07-07 16:45:38', '2015-07-07 07:40:07', '2015-07-05 19:47:33', '8CD4A38', 0, 1),
(38, '52BE6D0', 'herman8@gmail.com', 'herman8', '$2y$10$IFMh4/iOUm11e0iwuXibwu0Wtjbsluy2pS.wkWoWDrgOPXsfDhg0G', '2015-07-07 23:22:27', '2015-07-05 19:48:55', '2015-07-07 23:22:27', '2015-07-07 07:50:26', '2015-07-05 20:12:17', 'E9B2CE2', 0, 1),
(39, 'B827CE5', 'sfirst@gmail.com', 'sfirst', '$2y$10$wTRz99xbUBtstBZDCr95P.OgYB/upHmQbz4KK8SATrpoX8DoEotU.', '2015-07-07 10:40:04', '2015-07-05 19:56:17', '2015-07-07 10:39:40', '2015-07-07 07:56:37', '2015-07-07 10:40:04', 'B827CE5', 0, 1),
(40, 'FFABE97', 'herman9@gmail.com', 'herman9', '$2y$10$ulEl7Xu4DoHj7QmsC2oRO.8aAXNmCsCxsrDZQM99FZW9Xr78WiLe6', '2015-07-07 17:51:35', '2015-07-05 20:15:45', '2015-07-07 17:51:35', '2015-07-07 08:16:21', '2015-07-05 20:26:07', '52BE6D0', 0, 1),
(41, 'B159C03', 'herman10@gmail.com', 'herman10', '$2y$10$ZxOsh1UbLCes8Rju6FsHPOrx3Wxa1Mon1JvLBlxEiSJLkVHJsOG2m', '2015-07-07 17:51:17', '2015-07-05 20:27:03', '2015-07-07 17:51:17', '2015-07-07 08:27:29', '2015-07-05 22:00:29', 'FFABE97', 0, 1),
(42, '054AAFF', 'herman11@gmail.com', 'herman11', '$2y$10$arNO448EaEQTXmLsFEizSelnBUxYVHjj75MKvSQjsK.TuHJJwgJt2', '2015-07-07 23:16:49', '2015-07-05 22:03:18', '2015-07-07 23:16:49', '2015-07-07 10:19:29', '2015-07-05 23:11:16', 'B159C03', 0, 1),
(43, '96BE509', 'herman12@gmail.com', 'herman12', '$2y$10$Ig2qtC3qiO2pWq1wcgMTLOujP8A5uwQPIOAAWcGhr5jRxxW2D713m', '2015-07-07 23:09:59', '2015-07-05 23:13:08', '2015-07-07 23:09:59', '2015-07-07 11:24:40', '2015-07-06 08:11:44', '054AAFF', 0, 1),
(44, '2C0BC62', 'herman13@gmail.com', 'herman13', '$2y$10$wdFMihyIhDNjve/pogJ/M.Rl9mihdsjF0bsB/XidsxWrb7WnRwX3q', '2015-07-07 23:09:25', '2015-07-06 08:24:55', '2015-07-07 23:09:25', '2015-07-07 20:25:31', '2015-07-06 08:55:01', '96BE509', 0, 1),
(45, '102B9EF', 'mymiracle899@gmail.com', 'putih', '$2y$10$.JChNZdgO1qsJt.ss2n0weYS9ltmFKevJH3n2ByHukVBHoLpCpnYW', '2015-07-07 18:00:01', '2015-07-06 12:49:58', '2015-07-07 18:00:01', '2015-07-08 03:24:23', '2015-07-06 16:02:54', '2C0BC62', 0, 1),
(46, 'B111C47', 'agaghahah@gmail.com', 'putih1', '$2y$10$OnMf4xu0M7XLxcuk.5FFEO6/uONa0y.GfOnXqGFJxjJlEH3z1PTgm', '2015-07-07 17:59:17', '2015-07-06 16:07:45', '2015-07-07 17:59:17', '2015-07-08 04:16:05', '2015-07-06 16:40:59', '102B9EF', 0, 1),
(47, '27871A7', 'gaghajjaka@hahjaha.com', 'putih11', '$2y$10$Ia0oo1NUcUvfKwlZVNWOruRy9/6BMkyFDQReGti/23ZVn8Ddyn/ne', '2015-07-07 18:00:46', '2015-07-06 16:09:24', '2015-07-07 18:00:46', '2015-07-08 04:20:31', '2015-07-06 16:41:23', '102B9EF', 0, 1),
(48, 'AFEC2C4', 'faghahahaa@yaghaj.com', 'putih12', '$2y$10$oKjUkxR3TiBi/d/rFX5Xw.RwO6Wv.8eIRgXFrYuZRviJU3lrEKMC6', '2015-07-06 16:42:12', '2015-07-06 16:10:53', '2015-07-06 16:42:08', '2015-07-08 04:23:10', '2015-07-06 16:42:12', '102B9EF', 0, 1),
(49, '8740C69', 'fagjahyaha@yahhaia.com', 'putih13', '$2y$10$96zpC3LLNI5VkS9O5xdSlej784.aRjkLZsJEdnb/QjwWseoXgd7AO', '2015-07-06 16:42:37', '2015-07-06 16:12:18', '2015-07-06 16:42:31', '2015-07-08 04:26:21', '2015-07-06 16:42:37', '102B9EF', 0, 1),
(50, '751B395', 'gahahjajaj@yahaji.cpmm', 'putih14', '$2y$10$JqC5QPmSkKrrwXQ0mUFwQ.m.QaqRTQW2JVp5.BYCIyQmQu27B32CG', '2015-07-06 16:43:02', '2015-07-06 16:13:37', '2015-07-06 16:42:55', '2015-07-08 04:29:07', '2015-07-06 16:43:02', '102B9EF', 0, 1),
(51, '2015F25', 'andy@gmail.com', 'andy1', '$2y$10$t.dzwM98WcKbbth4i1dKC.nL7IqyYmrpmms4fAV0JjQGNflFac8we', '2015-07-08 13:57:00', '2015-07-07 10:03:50', '2015-07-08 13:57:00', '2015-07-08 22:08:47', '2015-07-07 16:46:35', '2C0BC62', 0, 1),
(52, '8AED0DD', 'sSecond@gmail.com', 'sSecond', '$2y$10$/AAQZ6/z42FkTYvkn0kVB.X/7SRtk/fLo6u9/54Mdb1upZk/iLKLu', '2015-07-07 10:39:59', '2015-07-07 10:37:06', '2015-07-07 10:39:59', '2015-07-08 22:37:47', '0000-00-00 00:00:00', 'B827CE5', 0, 2),
(53, '0348DCD', 'juju@gmail.com', 'juju', '$2y$10$EvTIdwvuNSeuHRvtO3A/dOso5HwazYQ.k7ba6yLXE7rfjCHmz9Da2', '2015-07-07 04:00:35', '2015-07-07 03:59:46', '2015-07-07 03:59:57', '2015-07-08 16:00:35', '0000-00-00 00:00:00', '73DD48C', 0, 2),
(54, '4E522A9', 'isa16@isa.com', 'isa16', '$2y$10$e1gagkHU88wRahoiThJRguqE/U8t9nFXkx1reZZvPqtWvBx4lpGC6', '2015-07-07 16:37:37', '2015-07-07 08:44:52', '2015-07-07 16:37:37', '2015-07-08 20:50:45', '2015-07-07 16:23:21', 'CFB3350', 0, 1),
(55, '10567C9', 'dfhjjhh@yfghjj.com', 'putih101', '$2y$10$FKfsyvGoX7iyfRe3PGe0x.NubHzljQLd86lOUp4tXgJPdDjrZce0y', '2015-07-07 18:01:52', '2015-07-07 16:34:52', '2015-07-07 18:01:52', '2015-07-09 05:55:35', '0000-00-00 00:00:00', 'B111C47', 0, 2),
(56, '1DB4136', 'isa17@isa.com', 'isa17', '$2y$10$NEAt7h58pGA1M6uyhbdNJO/ZeKCqE/g2T9W6aB8AyW1v4kyUP4pGW', '2015-07-07 18:28:31', '2015-07-07 16:40:05', '2015-07-07 18:13:05', '2015-07-09 06:14:03', '2015-07-07 18:28:31', '88DDC5A', 0, 1),
(57, 'D49D607', 'andy2@gmail.com', 'andy2', '$2y$10$pLSEnSlrQqWWPuaPfp9RVeKVNIR618kUvA6z4MKrMrhFahITsb/oi', '2015-07-07 23:08:05', '2015-07-07 16:49:02', '2015-07-07 23:08:05', '2015-07-09 04:52:07', '2015-07-07 17:12:24', '2015F25', 0, 1),
(58, '7AC8EFD', 'andy3@gmail.com', 'andy3', '$2y$10$XVy9gOFQB9Mss7UzRoc/N.kjyPdXhZKpEG9a2.7CYZ5VWQRB5nv2y', '2015-07-07 17:12:42', '2015-07-07 16:50:51', '2015-07-07 17:12:37', '2015-07-09 04:54:47', '2015-07-07 17:12:42', '2015F25', 0, 1),
(59, '87BB930', 'gagaffag@yahoo.com', 'putih001', '$2y$10$kRok8TAcrZhRhrWSiyAW8ucZfpgW8BJUXdouST32s1Og0Wr/OxjxG', '2015-07-07 17:57:52', '2015-07-07 16:52:08', '2015-07-07 17:57:52', '2015-07-09 05:43:16', '0000-00-00 00:00:00', 'B111C47', 0, 2),
(60, 'DC468C7', 'kaslda@kasdksa.c', 'kk', '$2y$10$Ek/8KeBkst/3Rno8oEg/DuVtxyCQwV2ZuENnIIt7AX54F1RHw.Ykm', '2015-07-07 16:54:57', '2015-07-07 16:54:04', '2015-07-07 16:54:57', '0000-00-00 00:00:00', '0000-00-00 00:00:00', '73DD48C', 0, 0),
(61, 'D168740', 'dfgfrgg@yahoo.com', 'putih002', '$2y$10$LrHnZnl0Ce65L7nZmK2jneMkm1jc7LA/laPW4mSa.e37a10dCmiWa', '2015-07-07 18:01:32', '2015-07-07 16:55:55', '2015-07-07 18:01:21', '2015-07-09 05:45:52', '2015-07-07 18:01:32', '27871A7', 0, 1),
(62, '131730E', 'dfhhtrfgh@yahoo.com', 'putih003', '$2y$10$ae/uu4FjRsung3j5w9iFOO/RG4I2IBHLCScX021FySxBAh1XWprOq', '2015-07-07 17:48:23', '2015-07-07 16:58:10', '2015-07-07 17:47:59', '2015-07-09 05:48:23', '0000-00-00 00:00:00', '27871A7', 0, 2),
(63, 'A4794ED', 'isa18@isa.com', 'isa18', '$2y$10$QmpTNqNALY6MjW5XqN0ApOhG43mWwt0DDT8nn4qEtyuDUmwtywlI6', '2015-07-07 18:11:34', '2015-07-07 17:07:05', '2015-07-07 18:06:34', '2015-07-09 05:12:17', '2015-07-07 18:11:34', '88DDC5A', 0, 1),
(64, '72C016E', 'andy21@gmail.com', 'andy21', '$2y$10$Gcb0l2mVEdtbdD2.CRiQ0.EvXsb3Ew8dZXl.IqpQ4Pa7aHwUY.F/q', '2015-07-07 23:07:14', '2015-07-07 17:19:21', '2015-07-07 23:07:14', '2015-07-09 05:25:54', '2015-07-07 17:46:23', 'D49D607', 0, 1),
(65, 'ED800A5', 'andy22@gmail.com', 'andy22', '$2y$10$sK0LSE2GSE10zeCHAx5H3.RFZS99mxn8JhNGHotJwnoxAzbEk6fBq', '2015-07-07 17:46:41', '2015-07-07 17:20:53', '2015-07-07 17:46:37', '2015-07-09 05:29:23', '2015-07-07 17:46:41', 'D49D607', 0, 1),
(66, 'FA3B56C', 'andy23@gmail.com', 'andy23', '$2y$10$zzOy62aZeFUDBgEN5bwY0ebV/5erFM7bSIcEp3h9uaCaMjCkbQASy', '2015-07-07 17:47:01', '2015-07-07 17:22:16', '2015-07-07 17:46:57', '2015-07-09 05:31:50', '2015-07-07 17:47:01', 'D49D607', 0, 1),
(67, '4D658A8', 'andy24@gmail.com', 'andy24', '$2y$10$Xpw9xTG3Pfh6fJ6NP/Wg2OfeWUETeM0T8SxvHmyQxEmoRgK4IroIu', '2015-07-07 17:47:16', '2015-07-07 17:24:02', '2015-07-07 17:47:12', '2015-07-09 05:34:00', '2015-07-07 17:47:16', 'D49D607', 0, 1),
(68, '1535A5C', 'andy25@gmail.com', 'andy25', '$2y$10$Qi2IZUlUwwIJwILvL6SRKukNmXpGu7xYDnw8sT5eaxf1b8m.bJ1te', '2015-07-07 17:47:37', '2015-07-07 17:25:17', '2015-07-07 17:47:31', '2015-07-09 05:36:32', '2015-07-07 17:47:37', 'D49D607', 0, 1),
(69, '434395E', 'isa19@isa.com', 'isa19', '$2y$10$NC/wxYgHWLiqponN/OT9bu12KAL5pSvip35s3VPjGi48DuD0mTOmG', '2015-07-07 18:45:57', '2015-07-07 18:42:02', '2015-07-07 18:42:20', '2015-07-09 06:43:34', '2015-07-07 18:45:57', 'CFB3350', 0, 1),
(70, 'D4DD803', 'isa20@isa.com', 'isa20', '$2y$10$cfqJDmobPZmUVyGd8oxw6ONGMBBKMO0NQWF4P0Y5tjcjRdjn2KX6W', '2015-07-07 18:59:17', '2015-07-07 18:47:24', '2015-07-07 18:47:41', '2015-07-09 06:47:56', '2015-07-07 18:59:17', '083BF11', 0, 1),
(71, '1BCDD9A', 'andy26@gmail.com', 'andy26', '$2y$10$MWbya.4fTphCAQ5Zq.4Wf.pa4XojiJXY0XI0nPXMtU9zzclG/Ekde', '2015-07-08 13:57:32', '2015-07-07 22:58:58', '2015-07-08 13:57:32', '2015-07-09 11:02:17', '0000-00-00 00:00:00', '72C016E', 0, 2),
(72, 'A80AB79', 'andy27@gmail.com', 'andy27', '$2y$10$GCddy7MwrggA6xJhEf.iw.w5tv8UIqWeiQjV4GyuPmJvJbThVbiEu', '2015-07-07 23:16:35', '2015-07-07 23:01:07', '2015-07-07 23:16:27', '2015-07-09 11:04:44', '2015-07-07 23:16:35', '72C016E', 0, 1),
(73, '0CA41B4', 'isa21@isa.com', 'isa21', '$2y$10$/hoHSNyjkBlxzVNL5NpMb.7sZPpXJP8Hh9Dc6rwCYDEvBVEpDMf9S', '2015-07-08 15:42:51', '2015-07-08 15:14:19', '2015-07-08 15:17:17', '2015-07-10 03:18:19', '2015-07-08 15:42:51', '05AA10F', 0, 1);

-- --------------------------------------------------------

--
-- Table structure for table `pengumuman`
--

CREATE TABLE IF NOT EXISTS `pengumuman` (
  `id` int(10) unsigned NOT NULL AUTO_INCREMENT,
  `isi` text NOT NULL,
  `updated_at` timestamp NOT NULL DEFAULT CURRENT_TIMESTAMP ON UPDATE CURRENT_TIMESTAMP,
  `created_at` timestamp NOT NULL DEFAULT '0000-00-00 00:00:00',
  `status` enum('aktif','tidak aktif') NOT NULL DEFAULT 'aktif',
  PRIMARY KEY (`id`)
) ENGINE=InnoDB  DEFAULT CHARSET=latin1 AUTO_INCREMENT=2 ;

--
-- Dumping data for table `pengumuman`
--

INSERT INTO `pengumuman` (`id`, `isi`, `updated_at`, `created_at`, `status`) VALUES
(1, 'Selamat Datang di Permata Network', '2015-07-07 09:01:58', '2015-07-07 09:01:58', 'aktif');

-- --------------------------------------------------------

--
-- Table structure for table `profile`
--

CREATE TABLE IF NOT EXISTS `profile` (
  `id` int(10) unsigned NOT NULL AUTO_INCREMENT,
  `id_member` int(10) unsigned NOT NULL,
  `nama` varchar(255) NOT NULL,
  `alamat` varchar(255) NOT NULL,
  `kota` varchar(255) NOT NULL,
  `provinsi` varchar(255) NOT NULL,
  `kode_pos` varchar(255) NOT NULL,
  `no_hp` varchar(255) NOT NULL,
  `nama_bank` varchar(255) NOT NULL,
  `no_rekening` varchar(255) NOT NULL,
  `nama_rekening` varchar(255) NOT NULL,
  `foto` varchar(255) NOT NULL,
  PRIMARY KEY (`id`)
) ENGINE=InnoDB  DEFAULT CHARSET=latin1 AUTO_INCREMENT=73 ;

--
-- Dumping data for table `profile`
--

INSERT INTO `profile` (`id`, `id_member`, `nama`, `alamat`, `kota`, `provinsi`, `kode_pos`, `no_hp`, `nama_bank`, `no_rekening`, `nama_rekening`, `foto`) VALUES
(1, 1, 'Angga Kesuma', 'jl. sukakarya No.2227 palembang', 'Palembang', 'sumatera selatan', '30152', '089661147512', 'BNI', '019283978891923', 'Angga Kesuma', ''),
(2, 2, 'isa1', 'isa1', 'isa1', 'isa1', '7868', '708998', 'BNI', '323223', 'ISA1', ''),
(3, 3, 'isa2', 'isa2', 'isa2', 'isa2', '2', '3', 'BNI', '3', 'ISA2', ''),
(4, 4, 'e', 'e', 'e', 'e', 'e', 'e', 'BNI', 'e', 'ISA3', ''),
(5, 5, 'isa4', 's', 's', 's', '2', '2', 'BNI', '2', 'ISA4', ''),
(6, 6, '2', '2', '2', '3', '3', '3', 'BNI', '2', 'ISA5', ''),
(7, 7, '2', '3', '3', '3', '3', '3', 'BNI', '3', 'ISA6', ''),
(8, 8, 'isa7', '2', '2', '21', '2', '2', 'BNI', '2', 'ISA7', ''),
(9, 10, 'Ronald', 'Jalan Pramuka no 121', 'Palembang', 'SUmsel', '331111', '232313', 'BNI', '2455345345435', 'Ronald', ''),
(10, 11, 'hermn', 'padang', 'padang', 'sumbar', '25000', '081266291899', 'bca', '0321', 'herman', ''),
(11, 12, 'Sumiyati', 'jl. metro', 'tangerang', 'banten', '15157', '082122211198', 'bca', '7010321098', 'sumiyati', ''),
(12, 13, 'Riki Aja', 'Jl. Perwira', 'Pontianak', 'Kalbar', '441112', '422332323', 'Bank Mandiri', '45435345345', 'Riki aja', ''),
(13, 14, 'isa10', 'Palembang', 'plg', 'plg', '83938', '9328329239', 'Bank Panin', '43425335', 'isa10', ''),
(14, 15, 'isa11', 'k', 'k', 'j', '89', '98', 'Bank Panin', '8872', 'isa11', ''),
(15, 16, 'isa6', 'isa6', 'isa6', 'isa6', '797', '07', 'Bank CIMB Niaga', '080', 'isa12', ''),
(16, 17, 'Dino', 'jl. Sidempuan', 'Medan', 'Sumut', '442231', '086787868', 'BCA', '45645345', 'Dino', ''),
(17, 18, 'isa13', 'isa13', 'isa13', 'isa13', '81889', '9828', 'BTN', '083322', 'isa13', ''),
(18, 19, 'Herman', 'padang', 'padang', 'padang', '25000', '081266291899', 'BCA', '3444', 'Herman', ''),
(19, 20, 'herman2', 'padang', 'padang', 'padang', '24000', '0812434', 'BCA', '12434', 'Herman2', ''),
(20, 21, 'Herman3', 'padang', 'padang', 'padang', '2500', '0812343', 'BCA', '34343', 'Herman3', ''),
(21, 22, 'herman4', 'padang', 'padang', 'padang', '23000', '0830', 'BCA', '3242', 'herman4', ''),
(22, 23, 'Herman5', 'padang', 'padang', 'padang', '23444', '081234', 'BCA', '30030', 'Herman5', ''),
(23, 24, 'test2', 'test2', 'test', 'test', '11212', '088121212', 'BCA', '23213', 'test2', ''),
(24, 25, 'sponsor2', 'padang', 'padang', 'padang', '23000', '93939', 'BCA', '34343', 'sponsor2', ''),
(25, 26, 'sponsor3', 'padang', 'padang', 'padang', '2399', '003030', 'BCA', '93939', 'sponsor3', ''),
(26, 27, 'isa14', 'isa14', 'isa14', 'isa14', '9707', '0808', 'BRI', '323232', 'isa14', ''),
(27, 28, 'second', 'second', 'second', 'second', 'second', '345345345', 'BCA', '345345', '345345', 'second.JPG'),
(28, 29, 'isa15', 'i', 'k', 'k', '08', '808', 'BTN', '19908', 'isa15', ''),
(29, 30, 'third', 'third', 'third', 'third', 'third', '1111', 'BCA', '1111', 'third', ''),
(30, 31, 'samping2', 'padang', 'padang', 'padang', '23000', '081363037499', 'BCA', 'titin makmur', '3939', ''),
(31, 32, 'samping3', 'padang', 'padang', 'padang', '2400', '324', 'BCA', '34234', 'samping3', ''),
(32, 33, 'samping3', 'padang', 'padang', 'padang', '2300', '34342', 'BCA', '34242', 'samping3', ''),
(33, 34, 'samping2', 'padang', 'padang', 'padang', '25000', '34324', 'BCA', '34324', 'sponsorke3', ''),
(34, 35, 'fourth', 'fourth', 'fourth', 'fourth', 'fourth', 'fourth', 'BCA', 'fourth', 'fourth', ''),
(35, 36, 'herman5', 'padang', 'padang', 'padang', '2300', '939993', 'BCA', '39939', 'herman6', ''),
(36, 37, 'herman7', 'padang', 'padang', 'padang', '2344', '45353', 'BCA', '235252', 'herman7', ''),
(37, 38, 'herman8', 'padang', 'padang', 'padang', '35000', '342342', 'BCA', '234242', 'herman8', ''),
(38, 39, 'sfirst', 'jln umar no12', 'Palembang', 'SUmsel', '344221', '7856756757', 'BCA', '23465456546', 'sfirst', ''),
(39, 40, 'herman9', 'padang', 'padang', 'padang', '2333', '9030', 'BCA', '3424', 'herman9', ''),
(40, 41, 'herman10', 'padang', 'padang', 'padang', '2333', '93993', 'BCA', '93993', 'herman10', ''),
(41, 42, 'herman11', 'padang', 'padang', 'padang', '25000', '081266291899', 'BCA', '3342', 'herman11', ''),
(42, 43, 'herman12', 'padang', 'padang', 'padang', '2333', '09393', 'BCA', '3424', 'herman12', ''),
(43, 44, 'herman13', 'padang', 'padang', 'padang', '2500', '03940', 'BCA', '038402', 'herman13', ''),
(44, 45, 'novi', 'tangerang', 'tangerang', 'banten', '123445', '081910001198', 'BCA', '2888588880', 'novi', ''),
(45, 46, 'novi', 'ghajjaa', 'taggahha', 'gahhaja', '3561514', '0817176167', 'BCA', '457888', 'novi', ''),
(46, 47, 'novi', 'ghjjjhg', 'trdfhh', 'fghhhjj', '5144131', '0876516165516', 'BCA', '35718715561', 'novi', ''),
(47, 48, 'novi', 'hahhagaah', 'taghahuia', 'tagyahhah', '314514', '081677165178', 'BCA', '561771818715', 'novi', ''),
(48, 49, 'novi', 'hahajjahah', 'fagganhaha', 'tgaggagah', '34151441', '081761718716', 'BCA', '6177161441671', 'novi', ''),
(49, 50, 'novi', 'tggaffag', 'rtyhaag', 'haggaha', '451514315', '081617715188', 'BCA', '45178181654', 'novi', ''),
(50, 51, 'Andy', 'S.', 'Tangerang', 'Banten', '11111', '088881999999', 'BCA', '6463286348', 'Andy', ''),
(51, 52, 'sSecond', 'sSecond', 'sSecond', 'sSecond', 'sSecond', 'sSecond', 'BCA', 'sSecond', 'sSecond', ''),
(52, 53, 'juju', 'juju', 'juju', 'juju', 'juju', 'juju', 'Bank Mega', 'juju', 'juju', ''),
(53, 54, 'Muhammad isa16', 'isa16', 'isa16', 'isa16', '0880', '80808', 'BII', '233223', 'isa16', 'isa16.png'),
(54, 55, 'dfgh', 'fghhbg', 'vghjhgf', 'dfghh', '235664', '8985334567', 'BCA', '572882626', 'jdjdhhehe', ''),
(55, 56, 'isa17', 'isa17', 'isa17', 'isa17', 'i08', '8080808', 'BNI', '088', 'isa17', ''),
(56, 57, 'Andy', 'TGR', 'Tangerang', 'Banten', '11111', '088881999999', 'BCA', '276464263', 'Andy', ''),
(57, 58, 'Andy', 'TGR', 'Tangerang', 'Banten', '11111', '0889732983', 'BCA', '276464263', 'Andy', ''),
(58, 59, 'novi', 'fghhbg', 'vghjhgf', 'dfghh', '235664', '8985334567', 'BCA', '572882626', 'novi', ''),
(59, 60, 'kk', 'kk', 'kk', 'kk', 'kk', 'kk', 'BCA', 'kk', 'kk', ''),
(60, 61, 'novi', 'dgnhhg', 'rrfbnjk', 'ffhjj', '235677', '876444', 'BCA', '3468998643', 'novi', ''),
(61, 62, 'novi', 'fhjhfsdgh', 'dgnhjj', 'fghjjfdd', '356853', '3579323567', 'BCA', '347996543', 'novi', ''),
(62, 63, 'isa18', 'j', 'j', 'j', '88', '88', 'BCA', '88', 'isa18', ''),
(63, 64, 'andy', 'TGR', 'Tangerang', 'Banten', '11111', '088881999999', 'BCA', '276464263', 'Andy', ''),
(64, 65, 'Andy', 'Tangerang', 'Tangerang', 'Banten', '123456', '087237947343', 'BCA', '423423432432', 'Andy', ''),
(65, 66, 'Andy', 'Tangerang', 'Tangerang', 'Banten', '123456', '087237947343', 'BCA', '3545435453', 'Andy', ''),
(66, 67, 'Andy', 'Tangerang', 'Tangerang', 'Banten', '21321', '0889732983', 'BCA', '276464263', 'Andy', ''),
(67, 68, 'Andy', 'Tangerang', 'Tangerang', 'Banten', '123456', '087237947343', 'BCA', '276464263', 'Andy', ''),
(68, 69, 'isa19', 'k', 'k', 'k', '0', '0', 'Bank Danamon', '97', 'isa19', ''),
(69, 70, 'isa20', 'i', 'i', 'o', '8', '9', 'BCA', '8', 'isa20', ''),
(70, 71, 'Andy', 'Tangerang', 'Tangerang', 'Banten', '11111', '088881999999', 'BCA', '276464263', 'Andy', ''),
(71, 72, 'Andy', 'Tangerang', 'Tangerang', 'Banten', '11111', '088881999999', 'BCA', '276464263', 'Andy', ''),
(72, 73, 'isa21', 'o', 'l', 'k', '0', '9', 'BNI', '2', 'isa21', '');

-- --------------------------------------------------------

--
-- Table structure for table `sliders`
--

CREATE TABLE IF NOT EXISTS `sliders` (
  `id` int(10) unsigned NOT NULL,
  `image_url` varchar(255) NOT NULL,
  `caption` varchar(255) NOT NULL,
  `urutan` int(10) unsigned NOT NULL,
  PRIMARY KEY (`id`)
) ENGINE=InnoDB DEFAULT CHARSET=latin1;

--
-- Dumping data for table `sliders`
--

INSERT INTO `sliders` (`id`, `image_url`, `caption`, `urutan`) VALUES
(5, '18849-01.jpg', 'Sarana praktis meningkatkan pesona, kewibawaan dan keberuntungan.', 1),
(6, '71e0e-02.jpg', 'Menyimpan energi positif yang berada pada tempat - tempat suci.', 2),
(7, '9bdf8-03.jpg', 'Bermanfaat sebagai penunjang kesuksesan dan kebahagiaan.', 3),
(8, 'f01b3-04.jpg', 'Memancarkan gelombang energi positif ke alam semesta', 4);

-- --------------------------------------------------------

--
-- Table structure for table `transfer_referral`
--

CREATE TABLE IF NOT EXISTS `transfer_referral` (
  `id` int(10) unsigned NOT NULL AUTO_INCREMENT,
  `id_member` int(10) unsigned NOT NULL,
  `id_referral` int(10) unsigned NOT NULL,
  `amount` int(11) NOT NULL,
  `status_transfer` int(11) NOT NULL,
  `updated_at` timestamp NOT NULL DEFAULT CURRENT_TIMESTAMP ON UPDATE CURRENT_TIMESTAMP,
  `created_at` timestamp NOT NULL DEFAULT '0000-00-00 00:00:00',
  `confirmation_at` timestamp NOT NULL DEFAULT '0000-00-00 00:00:00',
  `unique_transfer` int(10) unsigned NOT NULL,
  PRIMARY KEY (`id`)
) ENGINE=InnoDB  DEFAULT CHARSET=latin1 AUTO_INCREMENT=348 ;

--
-- Dumping data for table `transfer_referral`
--

INSERT INTO `transfer_referral` (`id`, `id_member`, `id_referral`, `amount`, `status_transfer`, `updated_at`, `created_at`, `confirmation_at`, `unique_transfer`) VALUES
(68, 8, 7, 150000, 0, '2015-07-01 08:14:34', '2015-07-01 08:14:34', '0000-00-00 00:00:00', 0),
(69, 8, 6, 100000, 0, '2015-07-01 08:14:34', '2015-07-01 08:14:34', '0000-00-00 00:00:00', 0),
(70, 8, 5, 100000, 0, '2015-07-01 08:14:34', '2015-07-01 08:14:34', '0000-00-00 00:00:00', 0),
(71, 8, 4, 100000, 0, '2015-07-01 08:14:34', '2015-07-01 08:14:34', '0000-00-00 00:00:00', 0),
(72, 8, 3, 100000, 0, '2015-07-01 08:14:34', '2015-07-01 08:14:34', '0000-00-00 00:00:00', 0),
(73, 8, 1, 100000, 0, '2015-07-01 08:14:34', '2015-07-01 08:14:34', '0000-00-00 00:00:00', 0),
(74, 10, 7, 150000, 2, '2015-07-01 16:09:30', '2015-07-01 16:05:03', '2015-07-01 16:09:30', 0),
(75, 10, 6, 100000, 0, '2015-07-01 16:05:03', '2015-07-01 16:05:03', '0000-00-00 00:00:00', 0),
(76, 10, 5, 100000, 0, '2015-07-01 16:05:03', '2015-07-01 16:05:03', '0000-00-00 00:00:00', 0),
(77, 10, 4, 100000, 0, '2015-07-01 16:05:03', '2015-07-01 16:05:03', '0000-00-00 00:00:00', 0),
(78, 10, 3, 100000, 0, '2015-07-01 16:05:03', '2015-07-01 16:05:03', '0000-00-00 00:00:00', 0),
(79, 10, 1, 100000, 0, '2015-07-01 16:05:03', '2015-07-01 16:05:03', '0000-00-00 00:00:00', 0),
(80, 13, 1, 150000, -1, '2015-07-03 16:16:26', '2015-07-03 16:11:38', '2015-07-03 16:16:26', 0),
(81, 15, 1, 150000, 0, '2015-07-03 16:39:01', '2015-07-03 16:39:01', '0000-00-00 00:00:00', 0),
(82, 16, 6, 150000, 0, '2015-07-03 16:43:53', '2015-07-03 16:43:53', '0000-00-00 00:00:00', 0),
(83, 16, 5, 100000, 0, '2015-07-03 16:43:53', '2015-07-03 16:43:53', '0000-00-00 00:00:00', 0),
(84, 16, 4, 100000, 0, '2015-07-03 16:43:53', '2015-07-03 16:43:53', '0000-00-00 00:00:00', 0),
(85, 16, 3, 100000, 0, '2015-07-03 16:43:53', '2015-07-03 16:43:53', '0000-00-00 00:00:00', 0),
(86, 16, 1, 100000, 0, '2015-07-03 16:43:53', '2015-07-03 16:43:53', '0000-00-00 00:00:00', 0),
(87, 17, 1, 150000, 2, '2015-07-03 16:59:42', '2015-07-03 16:48:08', '2015-07-03 16:59:42', 0),
(88, 19, 1, 150000, 2, '2015-07-05 09:09:53', '2015-07-05 09:02:55', '2015-07-05 09:09:53', 0),
(89, 20, 19, 150000, 2, '2015-07-05 09:42:48', '2015-07-05 09:35:11', '2015-07-05 09:42:48', 0),
(90, 20, 1, 100000, 2, '2015-07-05 09:52:03', '2015-07-05 09:35:11', '2015-07-05 09:52:03', 0),
(91, 21, 20, 150000, 2, '2015-07-05 10:20:07', '2015-07-05 10:15:44', '2015-07-05 10:20:07', 0),
(92, 21, 19, 100000, 2, '2015-07-05 10:18:54', '2015-07-05 10:15:44', '2015-07-05 10:18:54', 0),
(93, 21, 1, 100000, 2, '2015-07-05 10:17:27', '2015-07-05 10:15:44', '2015-07-05 10:17:27', 0),
(94, 22, 21, 150000, 2, '2015-07-05 10:32:14', '2015-07-05 10:25:22', '2015-07-05 10:32:14', 0),
(95, 22, 20, 100000, 2, '2015-07-05 10:31:48', '2015-07-05 10:25:22', '2015-07-05 10:31:48', 0),
(96, 22, 19, 100000, 2, '2015-07-05 10:31:25', '2015-07-05 10:25:22', '2015-07-05 10:31:25', 0),
(97, 22, 1, 100000, 2, '2015-07-05 10:31:18', '2015-07-05 10:25:22', '2015-07-05 10:31:18', 0),
(98, 25, 19, 150000, 2, '2015-07-05 11:06:05', '2015-07-05 11:04:18', '2015-07-05 11:06:05', 0),
(99, 25, 1, 100000, 2, '2015-07-05 15:25:26', '2015-07-05 11:04:18', '2015-07-05 15:25:26', 0),
(100, 26, 19, 150000, 2, '2015-07-05 11:12:15', '2015-07-05 11:10:24', '2015-07-05 11:12:15', 0),
(101, 26, 1, 100000, 2, '2015-07-05 15:25:04', '2015-07-05 11:10:24', '2015-07-05 15:25:04', 0),
(102, 27, 6, 150000, 2, '2015-07-07 17:14:01', '2015-07-05 16:38:45', '2015-07-07 17:14:01', 0),
(103, 27, 5, 100000, 2, '2015-07-07 17:15:36', '2015-07-05 16:38:45', '2015-07-07 17:15:36', 0),
(104, 27, 4, 100000, 2, '2015-07-07 18:03:33', '2015-07-05 16:38:45', '2015-07-07 18:03:33', 0),
(105, 27, 3, 100000, 0, '2015-07-05 16:38:45', '2015-07-05 16:38:45', '0000-00-00 00:00:00', 0),
(106, 27, 1, 100000, 2, '2015-07-07 10:21:24', '2015-07-05 16:38:45', '2015-07-07 10:21:24', 0),
(107, 28, 1, 150000, 2, '2015-07-05 17:29:11', '2015-07-05 16:45:38', '2015-07-05 17:29:11', 0),
(108, 29, 4, 150000, 0, '2015-07-05 17:29:11', '2015-07-05 17:29:11', '0000-00-00 00:00:00', 530),
(109, 29, 3, 100000, 0, '2015-07-05 17:29:11', '2015-07-05 17:29:11', '0000-00-00 00:00:00', 784),
(110, 29, 1, 100000, 0, '2015-07-05 17:29:11', '2015-07-05 17:29:11', '0000-00-00 00:00:00', 849),
(111, 30, 28, 150000, 2, '2015-07-05 17:39:05', '2015-07-05 17:31:32', '2015-07-05 17:39:05', 884),
(112, 30, 1, 100000, 2, '2015-07-05 17:35:30', '2015-07-05 17:31:32', '2015-07-05 17:35:30', 856),
(113, 31, 19, 150000, 2, '2015-07-05 18:13:58', '2015-07-05 18:08:34', '2015-07-05 18:13:58', 547),
(114, 31, 1, 100000, 2, '2015-07-05 18:11:22', '2015-07-05 18:08:34', '2015-07-05 18:11:22', 323),
(115, 32, 19, 150000, 2, '2015-07-05 18:58:48', '2015-07-05 18:21:40', '2015-07-05 18:58:48', 846),
(116, 32, 1, 100000, 2, '2015-07-05 18:33:11', '2015-07-05 18:21:40', '2015-07-05 18:33:11', 469),
(117, 34, 19, 150000, 2, '2015-07-05 18:58:13', '2015-07-05 18:44:33', '2015-07-05 18:58:13', 966),
(118, 34, 1, 100000, 2, '2015-07-05 19:29:10', '2015-07-05 18:44:33', '2015-07-05 19:29:10', 455),
(119, 35, 30, 150000, 0, '2015-07-05 19:02:54', '2015-07-05 19:02:54', '0000-00-00 00:00:00', 201),
(120, 35, 28, 100000, 0, '2015-07-05 19:02:54', '2015-07-05 19:02:54', '0000-00-00 00:00:00', 960),
(121, 35, 1, 100000, 2, '2015-07-07 10:19:51', '2015-07-05 19:02:54', '2015-07-07 10:19:51', 178),
(122, 36, 22, 150000, 2, '2015-07-05 19:22:48', '2015-07-05 19:13:47', '2015-07-05 19:22:48', 379),
(123, 36, 21, 100000, 2, '2015-07-05 19:19:27', '2015-07-05 19:13:47', '2015-07-05 19:19:27', 969),
(124, 36, 20, 100000, 2, '2015-07-05 19:18:19', '2015-07-05 19:13:47', '2015-07-05 19:18:19', 147),
(125, 36, 19, 100000, 2, '2015-07-05 19:16:28', '2015-07-05 19:13:47', '2015-07-05 19:16:28', 763),
(126, 36, 1, 100000, 2, '2015-07-05 19:28:49', '2015-07-05 19:13:47', '2015-07-05 19:28:49', 927),
(127, 37, 36, 150000, 2, '2015-07-05 19:46:47', '2015-07-05 19:40:07', '2015-07-05 19:46:47', 155),
(128, 37, 22, 100000, 2, '2015-07-05 19:45:54', '2015-07-05 19:40:07', '2015-07-05 19:45:54', 421),
(129, 37, 21, 100000, 2, '2015-07-05 19:45:02', '2015-07-05 19:40:07', '2015-07-05 19:45:02', 750),
(130, 37, 20, 100000, 2, '2015-07-05 19:44:23', '2015-07-05 19:40:07', '2015-07-05 19:44:23', 548),
(131, 37, 19, 100000, 2, '2015-07-05 19:43:19', '2015-07-05 19:40:07', '2015-07-05 19:43:19', 577),
(132, 37, 1, 100000, 2, '2015-07-05 19:43:10', '2015-07-05 19:40:07', '2015-07-05 19:43:10', 823),
(133, 38, 37, 150000, 2, '2015-07-05 20:04:37', '2015-07-05 19:50:26', '2015-07-05 20:04:37', 217),
(134, 38, 36, 100000, 2, '2015-07-05 20:03:52', '2015-07-05 19:50:26', '2015-07-05 20:03:52', 739),
(135, 38, 22, 100000, 2, '2015-07-05 20:02:35', '2015-07-05 19:50:26', '2015-07-05 20:02:35', 596),
(136, 38, 21, 100000, 2, '2015-07-05 20:01:15', '2015-07-05 19:50:26', '2015-07-05 20:01:15', 699),
(137, 38, 20, 100000, 2, '2015-07-05 20:00:50', '2015-07-05 19:50:26', '2015-07-05 20:00:50', 220),
(138, 38, 19, 100000, 2, '2015-07-05 19:59:11', '2015-07-05 19:50:26', '2015-07-05 19:59:11', 539),
(139, 38, 1, 100000, 2, '2015-07-05 19:54:07', '2015-07-05 19:50:26', '2015-07-05 19:54:07', 493),
(140, 39, 1, 150000, 2, '2015-07-05 19:57:36', '2015-07-05 19:56:37', '2015-07-05 19:57:36', 157),
(141, 40, 38, 150000, 2, '2015-07-05 20:23:33', '2015-07-05 20:16:21', '2015-07-05 20:23:33', 475),
(142, 40, 37, 100000, 2, '2015-07-05 20:23:08', '2015-07-05 20:16:21', '2015-07-05 20:23:08', 130),
(143, 40, 36, 100000, 2, '2015-07-05 20:21:49', '2015-07-05 20:16:21', '2015-07-05 20:21:49', 470),
(144, 40, 22, 100000, 2, '2015-07-05 20:20:42', '2015-07-05 20:16:21', '2015-07-05 20:20:42', 252),
(145, 40, 21, 100000, 2, '2015-07-05 20:20:19', '2015-07-05 20:16:21', '2015-07-05 20:20:19', 445),
(146, 40, 20, 100000, 2, '2015-07-05 20:19:08', '2015-07-05 20:16:21', '2015-07-05 20:19:08', 244),
(147, 40, 19, 100000, 2, '2015-07-05 20:18:35', '2015-07-05 20:16:21', '2015-07-05 20:18:35', 819),
(148, 41, 40, 150000, 2, '2015-07-05 21:31:48', '2015-07-05 20:27:29', '2015-07-05 21:31:48', 706),
(149, 41, 38, 100000, 2, '2015-07-05 21:56:05', '2015-07-05 20:27:29', '2015-07-05 21:56:05', 518),
(150, 41, 37, 100000, 2, '2015-07-05 21:30:48', '2015-07-05 20:27:29', '2015-07-05 21:30:48', 863),
(151, 41, 36, 100000, 2, '2015-07-05 21:17:00', '2015-07-05 20:27:29', '2015-07-05 21:17:00', 357),
(152, 41, 22, 100000, 2, '2015-07-05 21:16:11', '2015-07-05 20:27:29', '2015-07-05 21:16:11', 132),
(153, 41, 21, 100000, 2, '2015-07-05 21:03:06', '2015-07-05 20:27:29', '2015-07-05 21:03:06', 105),
(154, 41, 20, 100000, 2, '2015-07-05 21:01:30', '2015-07-05 20:27:29', '2015-07-05 21:01:30', 608),
(155, 42, 41, 150000, 2, '2015-07-05 23:05:15', '2015-07-05 22:19:29', '2015-07-05 23:05:15', 351),
(156, 42, 40, 100000, 2, '2015-07-05 23:04:52', '2015-07-05 22:19:29', '2015-07-05 23:04:52', 489),
(157, 42, 38, 100000, 2, '2015-07-05 23:04:29', '2015-07-05 22:19:29', '2015-07-05 23:04:29', 737),
(158, 42, 37, 100000, 2, '2015-07-05 23:04:07', '2015-07-05 22:19:29', '2015-07-05 23:04:07', 404),
(159, 42, 36, 100000, 2, '2015-07-05 23:01:26', '2015-07-05 22:19:29', '2015-07-05 23:01:26', 514),
(160, 42, 22, 100000, 2, '2015-07-05 22:59:55', '2015-07-05 22:19:29', '2015-07-05 22:59:55', 802),
(161, 42, 21, 100000, 2, '2015-07-05 22:58:03', '2015-07-05 22:19:29', '2015-07-05 22:58:03', 959),
(162, 43, 42, 150000, 2, '2015-07-06 08:11:13', '2015-07-05 23:24:40', '2015-07-06 08:11:13', 922),
(163, 43, 41, 100000, 2, '2015-07-06 08:10:36', '2015-07-05 23:24:40', '2015-07-06 08:10:36', 139),
(164, 43, 40, 100000, 2, '2015-07-06 08:09:51', '2015-07-05 23:24:40', '2015-07-06 08:09:51', 523),
(165, 43, 38, 100000, 2, '2015-07-06 08:09:14', '2015-07-05 23:24:40', '2015-07-06 08:09:14', 632),
(166, 43, 37, 100000, 2, '2015-07-06 08:08:52', '2015-07-05 23:24:40', '2015-07-06 08:08:52', 868),
(167, 43, 36, 100000, 2, '2015-07-06 08:06:58', '2015-07-05 23:24:40', '2015-07-06 08:06:58', 640),
(168, 43, 22, 100000, 2, '2015-07-06 08:06:15', '2015-07-05 23:24:40', '2015-07-06 08:06:15', 900),
(169, 44, 43, 150000, 2, '2015-07-06 08:53:58', '2015-07-06 08:25:31', '2015-07-06 08:53:58', 143),
(170, 44, 42, 100000, 2, '2015-07-06 08:53:07', '2015-07-06 08:25:31', '2015-07-06 08:53:07', 386),
(171, 44, 41, 100000, 2, '2015-07-06 08:52:28', '2015-07-06 08:25:31', '2015-07-06 08:52:28', 201),
(172, 44, 40, 100000, 2, '2015-07-06 08:51:58', '2015-07-06 08:25:31', '2015-07-06 08:51:58', 929),
(173, 44, 38, 100000, 2, '2015-07-06 08:51:14', '2015-07-06 08:25:31', '2015-07-06 08:51:14', 792),
(174, 44, 37, 100000, 2, '2015-07-06 08:49:24', '2015-07-06 08:25:31', '2015-07-06 08:49:24', 304),
(175, 44, 36, 100000, 2, '2015-07-06 08:48:39', '2015-07-06 08:25:31', '2015-07-06 08:48:39', 336),
(176, 45, 44, 150000, 2, '2015-07-06 16:00:50', '2015-07-06 15:24:23', '2015-07-06 16:00:50', 987),
(177, 45, 43, 100000, 2, '2015-07-06 16:00:02', '2015-07-06 15:24:23', '2015-07-06 16:00:02', 346),
(178, 45, 42, 100000, 2, '2015-07-06 16:02:24', '2015-07-06 15:24:23', '2015-07-06 16:02:24', 580),
(179, 45, 41, 100000, 2, '2015-07-06 15:59:22', '2015-07-06 15:24:23', '2015-07-06 15:59:22', 426),
(180, 45, 40, 100000, 2, '2015-07-06 15:58:43', '2015-07-06 15:24:23', '2015-07-06 15:58:43', 545),
(181, 45, 38, 100000, 2, '2015-07-06 15:58:01', '2015-07-06 15:24:23', '2015-07-06 15:58:01', 802),
(182, 45, 37, 100000, 2, '2015-07-06 15:53:08', '2015-07-06 15:24:23', '2015-07-06 15:53:08', 668),
(183, 46, 45, 150000, 2, '2015-07-06 16:31:54', '2015-07-06 16:16:05', '2015-07-06 16:31:54', 600),
(184, 46, 44, 100000, 2, '2015-07-06 16:40:05', '2015-07-06 16:16:05', '2015-07-06 16:40:05', 931),
(185, 46, 43, 100000, 2, '2015-07-06 16:38:54', '2015-07-06 16:16:05', '2015-07-06 16:38:54', 603),
(186, 46, 42, 100000, 2, '2015-07-06 16:37:37', '2015-07-06 16:16:05', '2015-07-06 16:37:37', 388),
(187, 46, 41, 100000, 2, '2015-07-06 16:36:26', '2015-07-06 16:16:05', '2015-07-06 16:36:26', 330),
(188, 46, 40, 100000, 2, '2015-07-06 16:35:00', '2015-07-06 16:16:05', '2015-07-06 16:35:00', 541),
(189, 46, 38, 100000, 2, '2015-07-06 16:33:08', '2015-07-06 16:16:05', '2015-07-06 16:33:08', 508),
(190, 47, 45, 150000, 2, '2015-07-06 16:32:05', '2015-07-06 16:20:31', '2015-07-06 16:32:05', 613),
(191, 47, 44, 100000, 2, '2015-07-06 16:40:14', '2015-07-06 16:20:31', '2015-07-06 16:40:14', 149),
(192, 47, 43, 100000, 2, '2015-07-06 16:39:02', '2015-07-06 16:20:31', '2015-07-06 16:39:02', 923),
(193, 47, 42, 100000, 2, '2015-07-06 16:37:53', '2015-07-06 16:20:31', '2015-07-06 16:37:53', 825),
(194, 47, 41, 100000, 2, '2015-07-06 16:36:35', '2015-07-06 16:20:31', '2015-07-06 16:36:35', 864),
(195, 47, 40, 100000, 2, '2015-07-06 16:35:17', '2015-07-06 16:20:31', '2015-07-06 16:35:17', 142),
(196, 47, 38, 100000, 2, '2015-07-06 16:33:19', '2015-07-06 16:20:31', '2015-07-06 16:33:19', 474),
(197, 48, 45, 150000, 2, '2015-07-06 16:32:13', '2015-07-06 16:23:10', '2015-07-06 16:32:13', 489),
(198, 48, 44, 100000, 2, '2015-07-06 16:40:30', '2015-07-06 16:23:10', '2015-07-06 16:40:30', 420),
(199, 48, 43, 100000, 2, '2015-07-06 16:39:29', '2015-07-06 16:23:10', '2015-07-06 16:39:29', 876),
(200, 48, 42, 100000, 2, '2015-07-06 16:38:13', '2015-07-06 16:23:10', '2015-07-06 16:38:13', 792),
(201, 48, 41, 100000, 2, '2015-07-06 16:36:59', '2015-07-06 16:23:10', '2015-07-06 16:36:59', 881),
(202, 48, 40, 100000, 2, '2015-07-06 16:35:46', '2015-07-06 16:23:10', '2015-07-06 16:35:46', 264),
(203, 48, 38, 100000, 2, '2015-07-06 16:33:28', '2015-07-06 16:23:10', '2015-07-06 16:33:28', 163),
(204, 49, 45, 150000, 2, '2015-07-06 16:32:21', '2015-07-06 16:26:21', '2015-07-06 16:32:21', 365),
(205, 49, 44, 100000, 2, '2015-07-06 16:40:22', '2015-07-06 16:26:21', '2015-07-06 16:40:22', 716),
(206, 49, 43, 100000, 2, '2015-07-06 16:39:10', '2015-07-06 16:26:21', '2015-07-06 16:39:10', 571),
(207, 49, 42, 100000, 2, '2015-07-06 16:38:02', '2015-07-06 16:26:21', '2015-07-06 16:38:02', 342),
(208, 49, 41, 100000, 2, '2015-07-06 16:36:43', '2015-07-06 16:26:21', '2015-07-06 16:36:43', 780),
(209, 49, 40, 100000, 2, '2015-07-06 16:35:29', '2015-07-06 16:26:21', '2015-07-06 16:35:29', 528),
(210, 49, 38, 100000, 2, '2015-07-06 16:33:38', '2015-07-06 16:26:21', '2015-07-06 16:33:38', 186),
(211, 50, 45, 150000, 2, '2015-07-06 16:31:38', '2015-07-06 16:29:07', '2015-07-06 16:31:38', 821),
(212, 50, 44, 100000, 2, '2015-07-06 16:39:57', '2015-07-06 16:29:07', '2015-07-06 16:39:57', 658),
(213, 50, 43, 100000, 2, '2015-07-06 16:38:45', '2015-07-06 16:29:07', '2015-07-06 16:38:45', 402),
(214, 50, 42, 100000, 2, '2015-07-06 16:37:27', '2015-07-06 16:29:07', '2015-07-06 16:37:27', 208),
(215, 50, 41, 100000, 2, '2015-07-06 16:36:16', '2015-07-06 16:29:07', '2015-07-06 16:36:16', 561),
(216, 50, 40, 100000, 2, '2015-07-06 16:34:50', '2015-07-06 16:29:07', '2015-07-06 16:34:50', 873),
(217, 50, 38, 100000, 2, '2015-07-06 16:32:57', '2015-07-06 16:29:07', '2015-07-06 16:32:57', 872),
(218, 51, 44, 150000, 2, '2015-07-07 16:40:29', '2015-07-07 10:08:47', '2015-07-07 16:40:29', 737),
(219, 51, 43, 100000, 2, '2015-07-07 16:41:34', '2015-07-07 10:08:47', '2015-07-07 16:41:34', 778),
(220, 51, 42, 100000, 2, '2015-07-07 16:43:18', '2015-07-07 10:08:47', '2015-07-07 16:43:18', 971),
(221, 51, 41, 100000, 2, '2015-07-07 16:44:12', '2015-07-07 10:08:47', '2015-07-07 16:44:12', 859),
(222, 51, 40, 100000, 2, '2015-07-07 16:44:40', '2015-07-07 10:08:47', '2015-07-07 16:44:40', 848),
(223, 51, 38, 100000, 2, '2015-07-07 16:45:22', '2015-07-07 10:08:47', '2015-07-07 16:45:22', 921),
(224, 51, 37, 100000, 2, '2015-07-07 16:45:46', '2015-07-07 10:08:47', '2015-07-07 16:45:46', 785),
(225, 52, 39, 150000, 2, '2015-07-07 10:39:48', '2015-07-07 10:37:47', '2015-07-07 10:39:48', 779),
(226, 52, 1, 100000, 2, '2015-07-07 10:39:01', '2015-07-07 10:37:47', '2015-07-07 10:39:01', 268),
(227, 53, 1, 150000, 0, '2015-07-07 04:00:36', '2015-07-07 04:00:36', '0000-00-00 00:00:00', 633),
(228, 54, 3, 150000, 2, '2015-07-07 08:57:13', '2015-07-07 08:50:45', '2015-07-07 08:57:13', 141),
(229, 54, 1, 100000, 2, '2015-07-07 09:02:31', '2015-07-07 08:50:45', '2015-07-07 09:02:31', 308),
(230, 57, 51, 150000, 2, '2015-07-07 16:57:12', '2015-07-07 16:52:08', '2015-07-07 16:57:12', 848),
(231, 57, 44, 100000, 2, '2015-07-07 16:57:52', '2015-07-07 16:52:08', '2015-07-07 16:57:52', 629),
(232, 57, 43, 100000, 2, '2015-07-07 16:58:27', '2015-07-07 16:52:08', '2015-07-07 16:58:27', 999),
(233, 57, 42, 100000, 2, '2015-07-07 16:59:00', '2015-07-07 16:52:08', '2015-07-07 16:59:00', 527),
(234, 57, 41, 100000, 2, '2015-07-07 17:07:43', '2015-07-07 16:52:08', '2015-07-07 17:07:43', 572),
(235, 57, 40, 100000, 2, '2015-07-07 17:09:37', '2015-07-07 16:52:08', '2015-07-07 17:09:37', 565),
(236, 57, 38, 100000, 2, '2015-07-07 17:12:03', '2015-07-07 16:52:08', '2015-07-07 17:12:03', 350),
(237, 58, 51, 150000, 2, '2015-07-07 16:56:59', '2015-07-07 16:54:47', '2015-07-07 16:56:59', 847),
(238, 58, 44, 100000, 2, '2015-07-07 16:57:44', '2015-07-07 16:54:47', '2015-07-07 16:57:44', 172),
(239, 58, 43, 100000, 2, '2015-07-07 16:58:19', '2015-07-07 16:54:47', '2015-07-07 16:58:19', 771),
(240, 58, 42, 100000, 2, '2015-07-07 16:58:51', '2015-07-07 16:54:47', '2015-07-07 16:58:51', 553),
(241, 58, 41, 100000, 2, '2015-07-07 17:07:28', '2015-07-07 16:54:47', '2015-07-07 17:07:28', 835),
(242, 58, 40, 100000, 2, '2015-07-07 17:09:25', '2015-07-07 16:54:47', '2015-07-07 17:09:25', 948),
(243, 58, 38, 100000, 2, '2015-07-07 17:10:09', '2015-07-07 16:54:47', '2015-07-07 17:10:09', 808),
(244, 63, 7, 150000, 2, '2015-07-07 17:13:11', '2015-07-07 17:12:17', '2015-07-07 17:13:11', 689),
(245, 63, 6, 100000, 2, '2015-07-07 17:14:59', '2015-07-07 17:12:17', '2015-07-07 17:14:59', 371),
(246, 63, 5, 100000, 2, '2015-07-07 17:17:05', '2015-07-07 17:12:17', '2015-07-07 17:17:05', 531),
(247, 63, 4, 100000, 2, '2015-07-07 18:10:31', '2015-07-07 17:12:17', '2015-07-07 18:10:31', 924),
(248, 63, 3, 100000, 2, '2015-07-07 18:07:19', '2015-07-07 17:12:17', '2015-07-07 18:07:19', 648),
(249, 63, 3, 100000, 2, '2015-07-07 18:07:55', '2015-07-07 17:12:17', '2015-07-07 18:07:55', 235),
(250, 63, 3, 100000, 2, '2015-07-07 18:08:21', '2015-07-07 17:12:17', '2015-07-07 18:08:21', 672),
(251, 64, 57, 150000, 2, '2015-07-07 17:38:49', '2015-07-07 17:25:54', '2015-07-07 17:38:49', 266),
(252, 64, 51, 100000, 2, '2015-07-07 17:39:42', '2015-07-07 17:25:54', '2015-07-07 17:39:42', 152),
(253, 64, 44, 100000, 2, '2015-07-07 17:41:03', '2015-07-07 17:25:54', '2015-07-07 17:41:03', 178),
(254, 64, 43, 100000, 2, '2015-07-07 17:42:10', '2015-07-07 17:25:54', '2015-07-07 17:42:10', 181),
(255, 64, 42, 100000, 2, '2015-07-07 17:43:23', '2015-07-07 17:25:54', '2015-07-07 17:43:23', 164),
(256, 64, 41, 100000, 2, '2015-07-07 17:44:25', '2015-07-07 17:25:54', '2015-07-07 17:44:25', 333),
(257, 64, 40, 100000, 2, '2015-07-07 17:45:21', '2015-07-07 17:25:54', '2015-07-07 17:45:21', 430),
(258, 65, 57, 150000, 2, '2015-07-07 17:38:56', '2015-07-07 17:29:23', '2015-07-07 17:38:56', 154),
(259, 65, 51, 100000, 2, '2015-07-07 17:39:53', '2015-07-07 17:29:23', '2015-07-07 17:39:53', 598),
(260, 65, 44, 100000, 2, '2015-07-07 17:41:16', '2015-07-07 17:29:23', '2015-07-07 17:41:16', 479),
(261, 65, 43, 100000, 2, '2015-07-07 17:42:20', '2015-07-07 17:29:23', '2015-07-07 17:42:20', 919),
(262, 65, 42, 100000, 2, '2015-07-07 17:43:36', '2015-07-07 17:29:23', '2015-07-07 17:43:36', 682),
(263, 65, 41, 100000, 2, '2015-07-07 17:44:32', '2015-07-07 17:29:23', '2015-07-07 17:44:32', 796),
(264, 65, 40, 100000, 2, '2015-07-07 17:45:28', '2015-07-07 17:29:23', '2015-07-07 17:45:28', 479),
(265, 66, 57, 150000, 2, '2015-07-07 17:39:04', '2015-07-07 17:31:50', '2015-07-07 17:39:04', 108),
(266, 66, 51, 100000, 2, '2015-07-07 17:40:02', '2015-07-07 17:31:50', '2015-07-07 17:40:02', 559),
(267, 66, 44, 100000, 2, '2015-07-07 17:41:25', '2015-07-07 17:31:50', '2015-07-07 17:41:25', 852),
(268, 66, 43, 100000, 2, '2015-07-07 17:42:34', '2015-07-07 17:31:50', '2015-07-07 17:42:34', 773),
(269, 66, 42, 100000, 2, '2015-07-07 17:43:44', '2015-07-07 17:31:50', '2015-07-07 17:43:44', 168),
(270, 66, 41, 100000, 2, '2015-07-07 17:44:40', '2015-07-07 17:31:50', '2015-07-07 17:44:40', 191),
(271, 66, 40, 100000, 2, '2015-07-07 17:45:42', '2015-07-07 17:31:50', '2015-07-07 17:45:42', 356),
(272, 67, 57, 150000, 2, '2015-07-07 17:39:12', '2015-07-07 17:34:00', '2015-07-07 17:39:12', 243),
(273, 67, 51, 100000, 2, '2015-07-07 17:40:20', '2015-07-07 17:34:00', '2015-07-07 17:40:20', 710),
(274, 67, 44, 100000, 2, '2015-07-07 17:41:35', '2015-07-07 17:34:00', '2015-07-07 17:41:35', 293),
(275, 67, 43, 100000, 2, '2015-07-07 17:42:43', '2015-07-07 17:34:00', '2015-07-07 17:42:43', 118),
(276, 67, 42, 100000, 2, '2015-07-07 17:43:54', '2015-07-07 17:34:00', '2015-07-07 17:43:54', 232),
(277, 67, 41, 100000, 2, '2015-07-07 17:44:50', '2015-07-07 17:34:00', '2015-07-07 17:44:50', 232),
(278, 67, 40, 100000, 2, '2015-07-07 17:45:51', '2015-07-07 17:34:00', '2015-07-07 17:45:51', 872),
(279, 68, 57, 150000, 2, '2015-07-07 17:38:39', '2015-07-07 17:36:33', '2015-07-07 17:38:39', 512),
(280, 68, 51, 100000, 2, '2015-07-07 17:39:35', '2015-07-07 17:36:33', '2015-07-07 17:39:35', 205),
(281, 68, 44, 100000, 2, '2015-07-07 17:40:54', '2015-07-07 17:36:33', '2015-07-07 17:40:54', 932),
(282, 68, 43, 100000, 2, '2015-07-07 17:42:03', '2015-07-07 17:36:33', '2015-07-07 17:42:03', 160),
(283, 68, 42, 100000, 2, '2015-07-07 17:43:11', '2015-07-07 17:36:33', '2015-07-07 17:43:11', 616),
(284, 68, 41, 100000, 2, '2015-07-07 17:44:18', '2015-07-07 17:36:33', '2015-07-07 17:44:18', 304),
(285, 68, 40, 100000, 2, '2015-07-07 17:45:13', '2015-07-07 17:36:33', '2015-07-07 17:45:13', 279),
(286, 59, 46, 150000, 2, '2015-07-07 17:59:34', '2015-07-07 17:43:16', '2015-07-07 17:59:34', 573),
(287, 59, 45, 100000, 2, '2015-07-07 17:53:58', '2015-07-07 17:43:16', '2015-07-07 17:53:58', 559),
(288, 59, 44, 100000, 2, '2015-07-07 17:58:57', '2015-07-07 17:43:16', '2015-07-07 17:58:57', 707),
(289, 59, 43, 100000, 2, '2015-07-07 17:56:39', '2015-07-07 17:43:16', '2015-07-07 17:56:39', 430),
(290, 59, 42, 100000, 2, '2015-07-07 17:52:39', '2015-07-07 17:43:16', '2015-07-07 17:52:39', 548),
(291, 59, 41, 100000, 2, '2015-07-07 17:51:40', '2015-07-07 17:43:16', '2015-07-07 17:51:40', 171),
(292, 59, 40, 100000, 2, '2015-07-07 17:46:03', '2015-07-07 17:43:16', '2015-07-07 17:46:03', 980),
(293, 61, 47, 150000, 2, '2015-07-07 17:53:12', '2015-07-07 17:45:52', '2015-07-07 17:53:12', 939),
(294, 61, 45, 100000, 2, '2015-07-07 17:53:49', '2015-07-07 17:45:52', '2015-07-07 17:53:49', 490),
(295, 61, 44, 100000, 2, '2015-07-07 17:58:47', '2015-07-07 17:45:52', '2015-07-07 17:58:47', 326),
(296, 61, 43, 100000, 2, '2015-07-07 17:53:26', '2015-07-07 17:45:52', '2015-07-07 17:53:26', 918),
(297, 61, 42, 100000, 2, '2015-07-07 17:52:29', '2015-07-07 17:45:52', '2015-07-07 17:52:29', 339),
(298, 61, 41, 100000, 2, '2015-07-07 17:51:49', '2015-07-07 17:45:52', '2015-07-07 17:51:49', 625),
(299, 61, 40, 100000, 2, '2015-07-07 17:48:08', '2015-07-07 17:45:52', '2015-07-07 17:48:08', 273),
(300, 62, 47, 150000, 2, '2015-07-07 17:53:04', '2015-07-07 17:48:23', '2015-07-07 17:53:04', 568),
(301, 62, 45, 100000, 2, '2015-07-07 17:53:40', '2015-07-07 17:48:23', '2015-07-07 17:53:40', 156),
(302, 62, 44, 100000, 2, '2015-07-07 17:58:37', '2015-07-07 17:48:23', '2015-07-07 17:58:37', 238),
(303, 62, 43, 100000, 2, '2015-07-07 17:53:17', '2015-07-07 17:48:23', '2015-07-07 17:53:17', 478),
(304, 62, 42, 100000, 2, '2015-07-07 17:52:19', '2015-07-07 17:48:23', '2015-07-07 17:52:19', 810),
(305, 62, 41, 100000, 2, '2015-07-07 17:51:26', '2015-07-07 17:48:23', '2015-07-07 17:51:26', 268),
(306, 62, 38, 100000, 1, '2015-07-07 17:50:04', '2015-07-07 17:48:23', '0000-00-00 00:00:00', 395),
(307, 55, 46, 150000, 2, '2015-07-07 17:59:26', '2015-07-07 17:55:35', '2015-07-07 17:59:26', 125),
(308, 55, 45, 100000, 2, '2015-07-07 18:00:24', '2015-07-07 17:55:35', '2015-07-07 18:00:24', 155),
(309, 55, 44, 100000, 2, '2015-07-07 17:57:50', '2015-07-07 17:55:35', '2015-07-07 17:57:50', 998),
(310, 55, 43, 100000, 1, '2015-07-07 17:56:46', '2015-07-07 17:55:35', '0000-00-00 00:00:00', 678),
(311, 55, 42, 100000, 1, '2015-07-07 17:57:01', '2015-07-07 17:55:35', '0000-00-00 00:00:00', 558),
(312, 55, 38, 100000, 1, '2015-07-07 17:57:17', '2015-07-07 17:55:35', '0000-00-00 00:00:00', 452),
(313, 55, 37, 100000, 1, '2015-07-07 17:57:31', '2015-07-07 17:55:35', '0000-00-00 00:00:00', 573),
(314, 56, 7, 150000, 2, '2015-07-07 18:26:13', '2015-07-07 18:14:03', '2015-07-07 18:26:13', 748),
(315, 56, 6, 100000, 2, '2015-07-07 18:26:36', '2015-07-07 18:14:03', '2015-07-07 18:26:36', 565),
(316, 56, 5, 100000, 2, '2015-07-07 18:26:58', '2015-07-07 18:14:03', '2015-07-07 18:26:58', 407),
(317, 56, 4, 100000, 2, '2015-07-07 18:27:21', '2015-07-07 18:14:03', '2015-07-07 18:27:21', 726),
(318, 56, 3, 100000, 2, '2015-07-07 18:27:43', '2015-07-07 18:14:03', '2015-07-07 18:27:43', 186),
(319, 56, 1, 100000, 2, '2015-07-07 18:28:17', '2015-07-07 18:14:03', '2015-07-07 18:28:17', 593),
(320, 69, 3, 150000, 2, '2015-07-07 18:45:17', '2015-07-07 18:43:34', '2015-07-07 18:45:17', 185),
(321, 69, 1, 100000, 2, '2015-07-07 18:45:51', '2015-07-07 18:43:34', '2015-07-07 18:45:51', 630),
(322, 70, 8, 150000, 2, '2015-07-07 18:50:03', '2015-07-07 18:47:56', '2015-07-07 18:50:03', 735),
(323, 70, 7, 100000, 2, '2015-07-07 18:50:30', '2015-07-07 18:47:56', '2015-07-07 18:50:30', 530),
(324, 70, 6, 100000, 2, '2015-07-07 18:53:30', '2015-07-07 18:47:56', '2015-07-07 18:53:30', 758),
(325, 70, 5, 100000, 2, '2015-07-07 18:54:49', '2015-07-07 18:47:56', '2015-07-07 18:54:49', 206),
(326, 70, 4, 100000, 2, '2015-07-07 18:55:13', '2015-07-07 18:47:56', '2015-07-07 18:55:13', 400),
(327, 70, 3, 100000, 2, '2015-07-07 18:56:33', '2015-07-07 18:47:56', '2015-07-07 18:56:33', 974),
(328, 70, 1, 100000, 2, '2015-07-07 18:59:06', '2015-07-07 18:47:56', '2015-07-07 18:59:06', 405),
(329, 71, 64, 150000, 2, '2015-07-07 23:07:31', '2015-07-07 23:02:17', '2015-07-07 23:07:31', 720),
(330, 71, 57, 100000, 2, '2015-07-07 23:08:20', '2015-07-07 23:02:17', '2015-07-07 23:08:20', 257),
(331, 71, 51, 100000, 2, '2015-07-07 23:09:11', '2015-07-07 23:02:17', '2015-07-07 23:09:11', 183),
(332, 71, 44, 100000, 2, '2015-07-07 23:09:45', '2015-07-07 23:02:17', '2015-07-07 23:09:45', 470),
(333, 71, 43, 100000, 2, '2015-07-07 23:12:03', '2015-07-07 23:02:17', '2015-07-07 23:12:03', 575),
(334, 71, 42, 100000, 2, '2015-07-07 23:17:17', '2015-07-07 23:02:17', '2015-07-07 23:17:17', 517),
(335, 71, 38, 100000, -1, '2015-07-07 23:23:08', '2015-07-07 23:02:17', '0000-00-00 00:00:00', 234),
(336, 72, 64, 150000, 2, '2015-07-07 23:07:23', '2015-07-07 23:04:44', '2015-07-07 23:07:23', 581),
(337, 72, 57, 100000, 2, '2015-07-07 23:08:12', '2015-07-07 23:04:44', '2015-07-07 23:08:12', 592),
(338, 72, 51, 100000, 2, '2015-07-07 23:09:04', '2015-07-07 23:04:44', '2015-07-07 23:09:04', 987),
(339, 72, 44, 100000, 2, '2015-07-07 23:09:34', '2015-07-07 23:04:44', '2015-07-07 23:09:34', 637),
(340, 72, 43, 100000, 2, '2015-07-07 23:10:08', '2015-07-07 23:04:44', '2015-07-07 23:10:08', 366),
(341, 72, 42, 100000, 2, '2015-07-07 23:12:36', '2015-07-07 23:04:44', '2015-07-07 23:12:36', 565),
(342, 72, 38, 100000, 2, '2015-07-07 23:13:42', '2015-07-07 23:04:44', '2015-07-07 23:13:42', 584),
(343, 73, 6, 150000, 2, '2015-07-08 15:30:44', '2015-07-08 15:18:19', '2015-07-08 15:30:44', 541),
(344, 73, 5, 100000, 2, '2015-07-08 15:33:28', '2015-07-08 15:18:19', '2015-07-08 15:33:28', 305),
(345, 73, 4, 100000, 2, '2015-07-08 15:34:51', '2015-07-08 15:18:19', '2015-07-08 15:34:51', 242),
(346, 73, 3, 100000, 2, '2015-07-08 15:36:34', '2015-07-08 15:18:19', '2015-07-08 15:36:34', 195),
(347, 73, 1, 100000, 2, '2015-07-08 15:42:41', '2015-07-08 15:18:19', '2015-07-08 15:42:41', 937);

-- --------------------------------------------------------

--
-- Table structure for table `transfer_referral_bukti`
--

CREATE TABLE IF NOT EXISTS `transfer_referral_bukti` (
  `id` int(10) unsigned NOT NULL AUTO_INCREMENT,
  `id_transfer_referral` int(10) unsigned NOT NULL,
  `nama_bank_penerima` varchar(255) NOT NULL,
  `nama_rekening_penerima` varchar(255) NOT NULL,
  `no_rekening_penerima` varchar(255) NOT NULL,
  `nama_bank_pengirim` varchar(255) NOT NULL,
  `nama_rekening_pengirim` varchar(255) NOT NULL,
  `no_rekening_pengirim` varchar(255) NOT NULL,
  `bukti_transfer` varchar(255) NOT NULL,
  `transfered_at` date NOT NULL,
  PRIMARY KEY (`id`)
) ENGINE=InnoDB  DEFAULT CHARSET=latin1 AUTO_INCREMENT=296 ;

--
-- Dumping data for table `transfer_referral_bukti`
--

INSERT INTO `transfer_referral_bukti` (`id`, `id_transfer_referral`, `nama_bank_penerima`, `nama_rekening_penerima`, `no_rekening_penerima`, `nama_bank_pengirim`, `nama_rekening_pengirim`, `no_rekening_pengirim`, `bukti_transfer`, `transfered_at`) VALUES
(14, 74, 'test', '3543545', '3', 'BNI', 'Ronald', '2455345345435', '2015-07-1_23-07-42_74.png', '0000-00-00'),
(15, 80, 'BNI', 'Angga Kesuma', '1111111111111111', 'Bank Mandiri', 'Riki aja', '22222222222222222', '2015-07-3_23-15-24_80.jpg', '0000-00-00'),
(16, 87, 'BNI', 'Angga Kesuma', '019283978891923', 'BCA', 'Dino', '45645345', '2015-07-3_23-59-15_87.jpg', '0000-00-00'),
(17, 88, 'BNI', 'Angga Kesuma', '019283978891923', 'BCA', 'Herman', '3444', '2015-07-5_16-08-16_88.jpg', '0000-00-00'),
(18, 89, 'BCA', 'Herman', '3444', 'BCA', 'Herman2', '12434', '2015-07-5_16-39-55_89.jpg', '0000-00-00'),
(19, 90, 'BNI', 'Angga Kesuma', '019283978891923', 'BCA', 'Herman2', '12434', '2015-07-5_16-41-01_90.jpg', '0000-00-00'),
(20, 91, 'BCA', 'Herman2', '12434', 'BCA', 'Herman3', '34343', '2015-07-5_17-16-14_91.jpg', '0000-00-00'),
(21, 92, 'BCA', 'Herman', '3444', 'BCA', 'Herman3', '34343', '2015-07-5_17-16-30_92.jpg', '0000-00-00'),
(22, 93, 'BNI', 'Angga Kesuma', '019283978891923', 'BCA', 'Herman3', '34343', '2015-07-5_17-16-46_93.jpg', '0000-00-00'),
(23, 94, 'BCA', 'Herman3', '34343', 'BCA', 'herman4', '3242', '2015-07-5_17-25-54_94.jpg', '0000-00-00'),
(24, 95, 'BCA', 'Herman2', '12434', 'BCA', 'herman4', '3242', '2015-07-5_17-27-18_95.jpg', '0000-00-00'),
(25, 96, 'BCA', 'Herman', '3444', 'BCA', 'herman4', '3242', '2015-07-5_17-27-57_96.jpg', '0000-00-00'),
(26, 97, 'BNI', 'Angga Kesuma', '019283978891923', 'BCA', 'herman4', '3242', '2015-07-5_17-28-27_97.jpg', '0000-00-00'),
(27, 98, 'BCA', 'Herman', '3444', 'BCA', 'sponsor2', '34343', '2015-07-5_18-04-48_98.jpg', '0000-00-00'),
(28, 99, 'BNI', 'Angga Kesuma', '019283978891923', 'BCA', 'sponsor2', '34343', '2015-07-5_18-05-27_99.jpg', '0000-00-00'),
(29, 100, 'BCA', 'Herman', '3444', 'BCA', 'sponsor3', '93939', '2015-07-5_18-10-58_100.jpg', '0000-00-00'),
(30, 101, 'BNI', 'Angga Kesuma', '019283978891923', 'BCA', 'sponsor3', '93939', '2015-07-5_18-11-22_101.jpg', '0000-00-00'),
(31, 102, 'BNI', 'ISA5', '2', 'BRI', 'isa14', '323232', '2015-07-5_23-44-02_102.jpg', '2015-07-18'),
(32, 107, 'BNI', 'Angga Kesuma', '019283978891923', 'BCA', '345345', '345345', '', '2015-07-06'),
(33, 103, 'BNI', 'ISA4', '2', 'BRI', 'isa14', '323232', '2015-07-6_00-24-33_103.jpg', '2015-07-06'),
(34, 104, 'BNI', 'ISA3', 'e', 'BRI', 'isa14', '323232', '', '2015-07-06'),
(35, 107, 'BNI', 'Angga Kesuma', '019283978891923', 'BCA', '345345', '345345', '2015-07-6_00-26-39_107.jpg', '2015-07-06'),
(36, 111, 'BCA', '345345', '345345', 'BCA', 'third', '1111', '', '2015-07-06'),
(37, 112, 'BNI', 'Angga Kesuma', '019283978891923', 'BCA', 'third', '1111', '', '2015-07-06'),
(38, 111, 'BCA', '345345', '345345', 'BCA', 'third', '1111', '', '2015-07-06'),
(39, 111, 'BCA', '345345', '345345', 'BCA', 'third', '1111', '', '2015-07-06'),
(40, 113, 'BCA', 'Herman', '3444', 'BCA', '3939', 'titin makmur', '2015-07-6_01-09-25_113.jpg', '2015-07-06'),
(41, 114, 'BNI', 'Angga Kesuma', '019283978891923', 'BCA', '3939', 'titin makmur', '2015-07-6_01-10-19_114.png', '2015-07-06'),
(42, 115, 'BCA', 'Herman', '3444', 'BCA', 'samping3', '34234', '2015-07-6_01-22-07_115.png', '2015-07-06'),
(43, 116, 'BNI', 'Angga Kesuma', '019283978891923', 'BCA', 'samping3', '34234', '2015-07-6_01-22-38_116.png', '2015-07-06'),
(44, 117, 'BCA', 'Herman', '3444', 'BCA', 'sponsorke3', '34324', '2015-07-6_01-47-52_117.png', '2015-07-06'),
(45, 118, 'BNI', 'Angga Kesuma', '019283978891923', 'BCA', 'sponsorke3', '34324', '2015-07-6_01-48-37_118.jpg', '2015-07-06'),
(46, 122, 'BCA', 'herman4', '3242', 'BCA', 'herman6', '39939', '', '2015-07-06'),
(47, 123, 'BCA', 'Herman3', '34343', 'BCA', 'herman6', '39939', '', '2015-07-06'),
(48, 124, 'BCA', 'Herman2', '12434', 'BCA', 'herman6', '39939', '', '2015-07-06'),
(49, 125, 'BCA', 'Herman', '3444', 'BCA', 'herman6', '39939', '', '2015-07-06'),
(50, 126, 'BNI', 'Angga Kesuma', '019283978891923', 'BCA', 'herman6', '39939', '', '2015-07-06'),
(51, 126, 'BNI', 'Angga Kesuma', '019283978891923', 'BCA', 'herman6', '39939', '2015-07-6_02-26-38_126.png', '2015-07-06'),
(52, 126, 'BNI', 'Angga Kesuma', '019283978891923', 'BCA', 'herman6', '39939', '2015-07-6_02-27-15_126.png', '2015-07-06'),
(53, 127, 'BCA', 'herman6', '39939', 'BCA', 'herman7', '235252', '', '2015-07-06'),
(54, 128, 'BCA', 'herman4', '3242', 'BCA', 'herman7', '235252', '', '2015-07-06'),
(55, 129, 'BCA', 'Herman3', '34343', 'BCA', 'herman7', '235252', '', '2015-07-06'),
(56, 130, 'BCA', 'Herman2', '12434', 'BCA', 'herman7', '235252', '', '2015-07-06'),
(57, 131, 'BCA', 'Herman', '3444', 'BCA', 'herman7', '235252', '', '2015-07-06'),
(58, 132, 'BNI', 'Angga Kesuma', '019283978891923', 'BCA', 'herman7', '235252', '', '2015-07-06'),
(59, 139, 'BNI', 'Angga Kesuma', '019283978891923', 'BCA', 'herman8', '234242', '', '2015-07-06'),
(60, 133, 'BCA', 'herman7', '235252', 'BCA', 'herman8', '234242', '', '2015-07-06'),
(61, 134, 'BCA', 'herman6', '39939', 'BCA', 'herman8', '234242', '', '2015-07-06'),
(62, 135, 'BCA', 'herman4', '3242', 'BCA', 'herman8', '234242', '', '2015-07-06'),
(63, 140, 'BNI', 'Angga Kesuma', '019283978891923', 'BCA', 'sfirst', '23465456546', '', '2015-07-06'),
(64, 136, 'BCA', 'Herman3', '34343', 'BCA', 'herman8', '234242', '', '2015-07-06'),
(65, 137, 'BCA', 'Herman2', '12434', 'BCA', 'herman8', '234242', '', '2015-07-06'),
(66, 138, 'BCA', 'Herman', '3444', 'BCA', 'herman8', '234242', '', '2015-07-06'),
(67, 141, 'BCA', 'herman8', '234242', 'BCA', 'herman9', '3424', '', '2015-07-06'),
(68, 142, 'BCA', 'herman7', '235252', 'BCA', 'herman9', '3424', '', '2015-07-06'),
(69, 143, 'BCA', 'herman6', '39939', 'BCA', 'herman9', '3424', '', '2015-07-06'),
(70, 144, 'BCA', 'herman4', '3242', 'BCA', 'herman9', '3424', '', '2015-07-06'),
(71, 145, 'BCA', 'Herman3', '34343', 'BCA', 'herman9', '3424', '', '2015-07-06'),
(72, 146, 'BCA', 'Herman2', '12434', 'BCA', 'herman9', '3424', '', '2015-07-06'),
(73, 147, 'BCA', 'Herman', '3444', 'BCA', 'herman9', '3424', '', '2015-07-06'),
(74, 148, 'BCA', 'herman9', '3424', 'BCA', 'herman10', '93993', '', '2015-07-06'),
(75, 149, 'BCA', 'herman8', '234242', 'BCA', 'herman10', '93993', '', '2015-07-06'),
(76, 150, 'BCA', 'herman7', '235252', 'BCA', 'herman10', '93993', '', '2015-07-06'),
(77, 151, 'BCA', 'herman6', '39939', 'BCA', 'herman10', '93993', '', '2015-07-06'),
(78, 152, 'BCA', 'herman4', '3242', 'BCA', 'herman10', '93993', '', '2015-07-06'),
(79, 153, 'BCA', 'Herman3', '34343', 'BCA', 'herman10', '93993', '', '2015-07-06'),
(80, 154, 'BCA', 'Herman2', '12434', 'BCA', 'herman10', '93993', '', '2015-07-06'),
(81, 155, 'BCA', 'herman10', '93993', 'BCA', 'herman11', '3342', '', '2015-07-06'),
(82, 156, 'BCA', 'herman9', '3424', 'BCA', 'herman11', '3342', '', '2015-07-06'),
(83, 157, 'BCA', 'herman8', '234242', 'BCA', 'herman11', '3342', '', '2015-07-06'),
(84, 158, 'BCA', 'herman7', '235252', 'BCA', 'herman11', '3342', '', '2015-07-06'),
(85, 159, 'BCA', 'herman6', '39939', 'BCA', 'herman11', '3342', '', '2015-07-06'),
(86, 160, 'BCA', 'herman4', '3242', 'BCA', 'herman11', '3342', '', '2015-07-06'),
(87, 161, 'BCA', 'Herman3', '34343', 'BCA', 'herman11', '3342', '', '2015-07-06'),
(88, 162, 'BCA', 'herman11', '3342', 'BCA', 'herman12', '3424', '', '2015-07-06'),
(89, 163, 'BCA', 'herman10', '93993', 'BCA', 'herman12', '3424', '', '2015-07-06'),
(90, 164, 'BCA', 'herman9', '3424', 'BCA', 'herman12', '3424', '', '2015-07-06'),
(91, 165, 'BCA', 'herman8', '234242', 'BCA', 'herman12', '3424', '', '2015-07-06'),
(92, 166, 'BCA', 'herman7', '235252', 'BCA', 'herman12', '3424', '', '2015-07-06'),
(93, 167, 'BCA', 'herman6', '39939', 'BCA', 'herman12', '3424', '', '2015-07-06'),
(94, 168, 'BCA', 'herman4', '3242', 'BCA', 'herman12', '3424', '', '2015-07-06'),
(95, 169, 'BCA', 'herman12', '3424', 'BCA', 'herman13', '038402', '', '2015-07-06'),
(96, 170, 'BCA', 'herman11', '3342', 'BCA', 'herman13', '038402', '', '2015-07-06'),
(97, 171, 'BCA', 'herman10', '93993', 'BCA', 'herman13', '038402', '', '2015-07-06'),
(98, 172, 'BCA', 'herman9', '3424', 'BCA', 'herman13', '038402', '', '2015-07-06'),
(99, 173, 'BCA', 'herman8', '234242', 'BCA', 'herman13', '038402', '', '2015-07-06'),
(100, 174, 'BCA', 'herman7', '235252', 'BCA', 'herman13', '038402', '', '2015-07-06'),
(101, 175, 'BCA', 'herman6', '39939', 'BCA', 'herman13', '038402', '', '2015-07-06'),
(102, 106, 'BNI', 'Angga Kesuma', '019283978891923', 'BRI', 'isa14', '323232', '', '2015-07-06'),
(103, 121, 'BNI', 'Angga Kesuma', '019283978891923', 'BCA', 'fourth', 'fourth', '', '2015-07-06'),
(104, 176, 'BCA', 'herman13', '038402', 'BCA', 'novi', '2888588880', '2015-07-6_22-26-28_176.jpg', '2015-07-06'),
(105, 177, 'BCA', 'herman12', '3424', 'BCA', 'novi', '2888588880', '2015-07-6_22-27-10_177.jpg', '2015-07-06'),
(106, 178, 'BCA', 'herman11', '3342', 'BCA', 'novi', '2888588880', '2015-07-6_22-27-25_178.jpg', '2015-07-06'),
(107, 179, 'BCA', 'herman10', '93993', 'BCA', 'novi', '2888588880', '2015-07-6_22-27-43_179.jpg', '2015-07-06'),
(108, 180, 'BCA', 'herman9', '3424', 'BCA', 'novi', '2888588880', '2015-07-6_22-28-00_180.jpg', '2015-07-06'),
(109, 181, 'BCA', 'herman8', '234242', 'BCA', 'novi', '2888588880', '2015-07-6_22-28-17_181.jpg', '2015-07-06'),
(110, 181, 'BCA', 'herman8', '234242', 'BCA', 'novi', '2888588880', '2015-07-6_22-28-19_181.jpg', '2015-07-06'),
(111, 182, 'BCA', 'herman7', '235252', 'BCA', 'novi', '2888588880', '2015-07-6_22-28-41_182.jpg', '2015-07-06'),
(112, 183, 'BCA', 'novi', '2888588880', 'BCA', 'novi', '457888', '2015-07-6_23-17-08_183.jpg', '2015-07-06'),
(113, 184, 'BCA', 'herman13', '038402', 'BCA', 'novi', '457888', '2015-07-6_23-17-23_184.jpg', '2015-07-06'),
(114, 185, 'BCA', 'herman12', '3424', 'BCA', 'novi', '457888', '2015-07-6_23-17-38_185.jpg', '2015-07-06'),
(115, 186, 'BCA', 'herman11', '3342', 'BCA', 'novi', '457888', '2015-07-6_23-18-33_186.jpg', '2015-07-06'),
(116, 187, 'BCA', 'herman10', '93993', 'BCA', 'novi', '457888', '2015-07-6_23-18-59_187.jpg', '2015-07-06'),
(117, 188, 'BCA', 'herman9', '3424', 'BCA', 'novi', '457888', '2015-07-6_23-19-22_188.jpg', '2015-07-06'),
(118, 189, 'BCA', 'herman8', '234242', 'BCA', 'novi', '457888', '2015-07-6_23-19-38_189.jpg', '2015-07-06'),
(119, 190, 'BCA', 'novi', '2888588880', 'BCA', 'novi', '35718715561', '2015-07-6_23-20-46_190.jpg', '2015-07-06'),
(120, 190, 'BCA', 'novi', '2888588880', 'BCA', 'novi', '35718715561', '2015-07-6_23-20-47_190.jpg', '2015-07-06'),
(121, 191, 'BCA', 'herman13', '038402', 'BCA', 'novi', '35718715561', '2015-07-6_23-21-00_191.jpg', '2015-07-06'),
(122, 191, 'BCA', 'herman13', '038402', 'BCA', 'novi', '35718715561', '2015-07-6_23-21-01_191.jpg', '2015-07-06'),
(123, 192, 'BCA', 'herman12', '3424', 'BCA', 'novi', '35718715561', '2015-07-6_23-21-16_192.jpg', '2015-07-06'),
(124, 193, 'BCA', 'herman11', '3342', 'BCA', 'novi', '35718715561', '2015-07-6_23-21-30_193.jpg', '2015-07-06'),
(125, 194, 'BCA', 'herman10', '93993', 'BCA', 'novi', '35718715561', '2015-07-6_23-21-45_194.jpg', '2015-07-06'),
(126, 195, 'BCA', 'herman9', '3424', 'BCA', 'novi', '35718715561', '2015-07-6_23-22-00_195.jpg', '2015-07-06'),
(127, 196, 'BCA', 'herman8', '234242', 'BCA', 'novi', '35718715561', '2015-07-6_23-22-15_196.jpg', '2015-07-06'),
(128, 197, 'BCA', 'novi', '2888588880', 'BCA', 'novi', '561771818715', '2015-07-6_23-23-39_197.jpg', '2015-07-06'),
(129, 198, 'BCA', 'herman13', '038402', 'BCA', 'novi', '561771818715', '2015-07-6_23-23-58_198.jpg', '2015-07-06'),
(130, 199, 'BCA', 'herman12', '3424', 'BCA', 'novi', '561771818715', '2015-07-6_23-24-21_199.jpg', '2015-07-06'),
(131, 200, 'BCA', 'herman11', '3342', 'BCA', 'novi', '561771818715', '2015-07-6_23-24-38_200.jpg', '2015-07-06'),
(132, 201, 'BCA', 'herman10', '93993', 'BCA', 'novi', '561771818715', '2015-07-6_23-24-53_201.jpg', '2015-07-06'),
(133, 202, 'BCA', 'herman9', '3424', 'BCA', 'novi', '561771818715', '2015-07-6_23-25-15_202.jpg', '2015-07-06'),
(134, 203, 'BCA', 'herman8', '234242', 'BCA', 'novi', '561771818715', '2015-07-6_23-25-30_203.jpg', '2015-07-06'),
(135, 204, 'BCA', 'novi', '2888588880', 'BCA', 'novi', '6177161441671', '2015-07-6_23-26-35_204.jpg', '2015-07-06'),
(136, 205, 'BCA', 'herman13', '038402', 'BCA', 'novi', '6177161441671', '2015-07-6_23-26-49_205.jpg', '2015-07-06'),
(137, 206, 'BCA', 'herman12', '3424', 'BCA', 'novi', '6177161441671', '2015-07-6_23-27-04_206.jpg', '2015-07-06'),
(138, 207, 'BCA', 'herman11', '3342', 'BCA', 'novi', '6177161441671', '2015-07-6_23-27-21_207.jpg', '2015-07-06'),
(139, 209, 'BCA', 'herman9', '3424', 'BCA', 'novi', '6177161441671', '2015-07-6_23-27-35_209.jpg', '2015-07-06'),
(140, 208, 'BCA', 'herman10', '93993', 'BCA', 'novi', '6177161441671', '2015-07-6_23-27-57_208.jpg', '2015-07-06'),
(141, 210, 'BCA', 'herman8', '234242', 'BCA', 'novi', '6177161441671', '2015-07-6_23-28-13_210.jpg', '2015-07-06'),
(142, 211, 'BCA', 'novi', '2888588880', 'BCA', 'novi', '45178181654', '2015-07-6_23-29-23_211.jpg', '2015-07-06'),
(143, 212, 'BCA', 'herman13', '038402', 'BCA', 'novi', '45178181654', '2015-07-6_23-29-36_212.jpg', '2015-07-06'),
(144, 213, 'BCA', 'herman12', '3424', 'BCA', 'novi', '45178181654', '2015-07-6_23-29-50_213.jpg', '2015-07-06'),
(145, 214, 'BCA', 'herman11', '3342', 'BCA', 'novi', '45178181654', '2015-07-6_23-30-05_214.jpg', '2015-07-06'),
(146, 215, 'BCA', 'herman10', '93993', 'BCA', 'novi', '45178181654', '2015-07-6_23-30-21_215.jpg', '2015-07-06'),
(147, 216, 'BCA', 'herman9', '3424', 'BCA', 'novi', '45178181654', '2015-07-6_23-30-49_216.jpg', '2015-07-06'),
(148, 217, 'BCA', 'herman8', '234242', 'BCA', 'novi', '45178181654', '2015-07-6_23-31-09_217.jpg', '2015-07-06'),
(149, 218, 'BCA', 'herman13', '038402', 'BCA', 'Andy', '6463286348', '2015-07-7_17-10-31_218.jpg', '2015-07-07'),
(150, 219, 'BCA', 'herman12', '3424', 'BCA', 'Andy', '6463286348', '2015-07-7_17-11-11_219.jpg', '2015-07-07'),
(151, 220, 'BCA', 'herman11', '3342', 'BCA', 'Andy', '6463286348', '2015-07-7_17-11-40_220.jpg', '2015-07-07'),
(152, 221, 'BCA', 'herman10', '93993', 'BCA', 'Andy', '6463286348', '2015-07-7_17-12-59_221.jpg', '2015-07-07'),
(153, 222, 'BCA', 'herman9', '3424', 'BCA', 'Andy', '6463286348', '2015-07-7_17-13-15_222.jpg', '2015-07-07'),
(154, 223, 'BCA', 'herman8', '234242', 'BCA', 'Andy', '6463286348', '2015-07-7_17-13-47_223.jpg', '2015-07-07'),
(155, 224, 'BCA', 'herman7', '235252', 'BCA', 'Andy', '6463286348', '2015-07-7_17-17-56_224.jpg', '2015-07-07'),
(156, 226, 'BNI', 'Angga Kesuma', '019283978891923', 'BCA', 'sSecond', 'sSecond', '', '2015-07-07'),
(157, 225, 'BCA', 'sfirst', '23465456546', 'BCA', 'sSecond', 'sSecond', '', '2015-07-07'),
(158, 228, 'BNI', 'ISA2', '3', 'BII', 'isa16', '233223', '', '2015-07-07'),
(159, 229, 'BNI', 'Angga Kesuma', '019283978891923', 'BII', 'isa16', '233223', '', '2015-07-07'),
(160, 229, 'BNI', 'Angga Kesuma', '019283978891923', 'BII', 'isa16', '233223', '', '2015-07-07'),
(161, 229, 'BNI', 'Angga Kesuma', '019283978891923', 'BII', 'isa16', '233223', '', '2015-07-07'),
(162, 229, 'BNI', 'Angga Kesuma', '019283978891923', 'BII', 'isa16', '233223', '', '2015-07-07'),
(163, 230, 'BCA', 'Andy', '6463286348', 'BCA', 'Andy', '276464263', '2015-07-7_23-52-29_230.jpg', '2015-07-07'),
(164, 231, 'BCA', 'herman13', '038402', 'BCA', 'Andy', '276464263', '2015-07-7_23-52-51_231.jpg', '2015-07-07'),
(165, 232, 'BCA', 'herman12', '3424', 'BCA', 'Andy', '276464263', '2015-07-7_23-53-06_232.jpg', '2015-07-07'),
(166, 233, 'BCA', 'herman11', '3342', 'BCA', 'Andy', '276464263', '2015-07-7_23-53-21_233.jpg', '2015-07-07'),
(167, 234, 'BCA', 'herman10', '93993', 'BCA', 'Andy', '276464263', '2015-07-7_23-53-36_234.jpg', '2015-07-07'),
(168, 235, 'BCA', 'herman9', '3424', 'BCA', 'Andy', '276464263', '2015-07-7_23-53-57_235.jpg', '2015-07-07'),
(169, 236, 'BCA', 'herman8', '234242', 'BCA', 'Andy', '276464263', '2015-07-7_23-54-11_236.jpg', '2015-07-07'),
(170, 237, 'BCA', 'Andy', '6463286348', 'BCA', 'Andy', '276464263', '2015-07-7_23-55-00_237.jpg', '2015-07-07'),
(171, 238, 'BCA', 'herman13', '038402', 'BCA', 'Andy', '276464263', '2015-07-7_23-55-17_238.jpg', '2015-07-07'),
(172, 239, 'BCA', 'herman12', '3424', 'BCA', 'Andy', '276464263', '2015-07-7_23-55-30_239.jpg', '2015-07-07'),
(173, 240, 'BCA', 'herman11', '3342', 'BCA', 'Andy', '276464263', '2015-07-7_23-55-45_240.jpg', '2015-07-07'),
(174, 241, 'BCA', 'herman10', '93993', 'BCA', 'Andy', '276464263', '2015-07-7_23-55-58_241.jpg', '2015-07-07'),
(175, 242, 'BCA', 'herman9', '3424', 'BCA', 'Andy', '276464263', '2015-07-7_23-56-14_242.jpg', '2015-07-07'),
(176, 243, 'BCA', 'herman8', '234242', 'BCA', 'Andy', '276464263', '2015-07-7_23-56-28_243.jpg', '2015-07-07'),
(177, 244, 'BNI', 'ISA6', '3', 'BCA', 'isa18', '88', '', '2015-07-08'),
(178, 245, 'BNI', 'ISA5', '2', 'BCA', 'isa18', '88', '', '2015-07-08'),
(179, 245, 'BNI', 'ISA5', '2', 'BCA', 'isa18', '88', '', '2015-07-08'),
(180, 246, 'BNI', 'ISA4', '2', 'BCA', 'isa18', '88', '', '2015-07-08'),
(181, 246, 'BNI', 'ISA4', '2', 'BCA', 'isa18', '88', '', '2015-07-08'),
(182, 246, 'BNI', 'ISA4', '2', 'BCA', 'isa18', '88', '', '2015-07-08'),
(183, 251, 'BCA', 'Andy', '276464263', 'BCA', 'Andy', '276464263', '2015-07-8_00-26-08_251.jpg', '2015-07-08'),
(184, 252, 'BCA', 'Andy', '6463286348', 'BCA', 'Andy', '276464263', '2015-07-8_00-26-23_252.jpg', '2015-07-08'),
(185, 253, 'BCA', 'herman13', '038402', 'BCA', 'Andy', '276464263', '2015-07-8_00-26-36_253.jpg', '2015-07-08'),
(186, 254, 'BCA', 'herman12', '3424', 'BCA', 'Andy', '276464263', '2015-07-8_00-26-50_254.jpg', '2015-07-08'),
(187, 255, 'BCA', 'herman11', '3342', 'BCA', 'Andy', '276464263', '2015-07-8_00-27-05_255.jpg', '2015-07-08'),
(188, 256, 'BCA', 'herman10', '93993', 'BCA', 'Andy', '276464263', '2015-07-8_00-27-27_256.jpg', '2015-07-08'),
(189, 257, 'BCA', 'herman9', '3424', 'BCA', 'Andy', '276464263', '2015-07-8_00-27-41_257.jpg', '2015-07-08'),
(190, 258, 'BCA', 'Andy', '276464263', 'BCA', 'Andy', '423423432432', '2015-07-8_00-29-36_258.jpg', '2015-07-08'),
(191, 259, 'BCA', 'Andy', '6463286348', 'BCA', 'Andy', '423423432432', '2015-07-8_00-29-50_259.jpg', '2015-07-08'),
(192, 260, 'BCA', 'herman13', '038402', 'BCA', 'Andy', '423423432432', '2015-07-8_00-30-12_260.jpg', '2015-07-08'),
(193, 261, 'BCA', 'herman12', '3424', 'BCA', 'Andy', '423423432432', '2015-07-8_00-30-27_261.jpg', '2015-07-08'),
(194, 262, 'BCA', 'herman11', '3342', 'BCA', 'Andy', '423423432432', '2015-07-8_00-30-42_262.jpg', '2015-07-08'),
(195, 263, 'BCA', 'herman10', '93993', 'BCA', 'Andy', '423423432432', '2015-07-8_00-30-58_263.jpg', '2015-07-08'),
(196, 264, 'BCA', 'herman9', '3424', 'BCA', 'Andy', '423423432432', '2015-07-8_00-31-12_264.jpg', '2015-07-08'),
(197, 265, 'BCA', 'Andy', '276464263', 'BCA', 'Andy', '3545435453', '2015-07-8_00-32-04_265.jpg', '2015-07-08'),
(198, 266, 'BCA', 'Andy', '6463286348', 'BCA', 'Andy', '3545435453', '2015-07-8_00-32-18_266.jpg', '2015-07-08'),
(199, 267, 'BCA', 'herman13', '038402', 'BCA', 'Andy', '3545435453', '2015-07-8_00-32-31_267.jpg', '2015-07-08'),
(200, 268, 'BCA', 'herman12', '3424', 'BCA', 'Andy', '3545435453', '2015-07-8_00-32-46_268.jpg', '2015-07-08'),
(201, 269, 'BCA', 'herman11', '3342', 'BCA', 'Andy', '3545435453', '2015-07-8_00-33-00_269.jpg', '2015-07-08'),
(202, 270, 'BCA', 'herman10', '93993', 'BCA', 'Andy', '3545435453', '2015-07-8_00-33-14_270.jpg', '2015-07-08'),
(203, 271, 'BCA', 'herman9', '3424', 'BCA', 'Andy', '3545435453', '2015-07-8_00-33-28_271.jpg', '2015-07-08'),
(204, 272, 'BCA', 'Andy', '276464263', 'BCA', 'Andy', '276464263', '2015-07-8_00-34-14_272.jpg', '2015-07-08'),
(205, 273, 'BCA', 'Andy', '6463286348', 'BCA', 'Andy', '276464263', '2015-07-8_00-34-31_273.jpg', '2015-07-08'),
(206, 274, 'BCA', 'herman13', '038402', 'BCA', 'Andy', '276464263', '2015-07-8_00-34-45_274.jpg', '2015-07-08'),
(207, 275, 'BCA', 'herman12', '3424', 'BCA', 'Andy', '276464263', '2015-07-8_00-35-00_275.jpg', '2015-07-08'),
(208, 276, 'BCA', 'herman11', '3342', 'BCA', 'Andy', '276464263', '2015-07-8_00-35-17_276.jpg', '2015-07-08'),
(209, 277, 'BCA', 'herman10', '93993', 'BCA', 'Andy', '276464263', '2015-07-8_00-35-32_277.jpg', '2015-07-08'),
(210, 278, 'BCA', 'herman9', '3424', 'BCA', 'Andy', '276464263', '2015-07-8_00-35-45_278.jpg', '2015-07-08'),
(211, 279, 'BCA', 'Andy', '276464263', 'BCA', 'Andy', '276464263', '2015-07-8_00-36-46_279.jpg', '2015-07-08'),
(212, 280, 'BCA', 'Andy', '6463286348', 'BCA', 'Andy', '276464263', '2015-07-8_00-36-59_280.jpg', '2015-07-08'),
(213, 281, 'BCA', 'herman13', '038402', 'BCA', 'Andy', '276464263', '2015-07-8_00-37-12_281.jpg', '2015-07-08'),
(214, 282, 'BCA', 'herman12', '3424', 'BCA', 'Andy', '276464263', '2015-07-8_00-37-27_282.jpg', '2015-07-08'),
(215, 283, 'BCA', 'herman11', '3342', 'BCA', 'Andy', '276464263', '2015-07-8_00-37-43_283.jpg', '2015-07-08'),
(216, 284, 'BCA', 'herman10', '93993', 'BCA', 'Andy', '276464263', '2015-07-8_00-37-56_284.jpg', '2015-07-08'),
(217, 285, 'BCA', 'herman9', '3424', 'BCA', 'Andy', '276464263', '2015-07-8_00-38-10_285.jpg', '2015-07-08'),
(218, 286, 'BCA', 'novi', '457888', 'BCA', 'novi', '572882626', '2015-07-8_00-43-46_286.jpg', '2015-07-08'),
(219, 287, 'BCA', 'novi', '2888588880', 'BCA', 'novi', '572882626', '2015-07-8_00-44-00_287.jpg', '2015-07-08'),
(220, 289, 'BCA', 'herman12', '3424', 'BCA', 'novi', '572882626', '2015-07-8_00-44-14_289.jpg', '2015-07-08'),
(221, 288, 'BCA', 'herman13', '038402', 'BCA', 'novi', '572882626', '2015-07-8_00-44-29_288.jpg', '2015-07-08'),
(222, 290, 'BCA', 'herman11', '3342', 'BCA', 'novi', '572882626', '2015-07-8_00-44-43_290.jpg', '2015-07-08'),
(223, 291, 'BCA', 'herman10', '93993', 'BCA', 'novi', '572882626', '2015-07-8_00-44-58_291.jpg', '2015-07-08'),
(224, 292, 'BCA', 'herman9', '3424', 'BCA', 'novi', '572882626', '2015-07-8_00-45-13_292.jpg', '2015-07-08'),
(225, 293, 'BCA', 'novi', '35718715561', 'BCA', 'novi', '3468998643', '2015-07-8_00-46-06_293.jpg', '2015-07-08'),
(226, 294, 'BCA', 'novi', '2888588880', 'BCA', 'novi', '3468998643', '2015-07-8_00-46-24_294.jpg', '2015-07-08'),
(227, 295, 'BCA', 'herman13', '038402', 'BCA', 'novi', '3468998643', '2015-07-8_00-46-39_295.jpg', '2015-07-08'),
(228, 296, 'BCA', 'herman12', '3424', 'BCA', 'novi', '3468998643', '2015-07-8_00-46-58_296.jpg', '2015-07-08'),
(229, 297, 'BCA', 'herman11', '3342', 'BCA', 'novi', '3468998643', '2015-07-8_00-47-13_297.jpg', '2015-07-08'),
(230, 298, 'BCA', 'herman10', '93993', 'BCA', 'novi', '3468998643', '2015-07-8_00-47-27_298.jpg', '2015-07-08'),
(231, 299, 'BCA', 'herman9', '3424', 'BCA', 'novi', '3468998643', '2015-07-8_00-47-41_299.jpg', '2015-07-08'),
(232, 300, 'BCA', 'novi', '35718715561', 'BCA', 'novi', '347996543', '2015-07-8_00-48-36_300.jpg', '2015-07-08'),
(233, 301, 'BCA', 'novi', '2888588880', 'BCA', 'novi', '347996543', '2015-07-8_00-48-52_301.jpg', '2015-07-08'),
(234, 302, 'BCA', 'herman13', '038402', 'BCA', 'novi', '347996543', '2015-07-8_00-49-05_302.jpg', '2015-07-08'),
(235, 303, 'BCA', 'herman12', '3424', 'BCA', 'novi', '347996543', '2015-07-8_00-49-20_303.jpg', '2015-07-08'),
(236, 305, 'BCA', 'herman10', '93993', 'BCA', 'novi', '347996543', '2015-07-8_00-49-35_305.jpg', '2015-07-08'),
(237, 304, 'BCA', 'herman11', '3342', 'BCA', 'novi', '347996543', '2015-07-8_00-49-49_304.jpg', '2015-07-08'),
(238, 306, 'BCA', 'herman8', '234242', 'BCA', 'novi', '347996543', '2015-07-8_00-50-04_306.jpg', '2015-07-08'),
(239, 307, 'BCA', 'novi', '457888', 'BCA', 'jdjdhhehe', '572882626', '2015-07-8_00-56-05_307.jpg', '2015-07-08'),
(240, 308, 'BCA', 'novi', '2888588880', 'BCA', 'jdjdhhehe', '572882626', '2015-07-8_00-56-18_308.jpg', '2015-07-08'),
(241, 309, 'BCA', 'herman13', '038402', 'BCA', 'jdjdhhehe', '572882626', '2015-07-8_00-56-31_309.jpg', '2015-07-08'),
(242, 310, 'BCA', 'herman12', '3424', 'BCA', 'jdjdhhehe', '572882626', '2015-07-8_00-56-46_310.jpg', '2015-07-08'),
(243, 311, 'BCA', 'herman11', '3342', 'BCA', 'jdjdhhehe', '572882626', '2015-07-8_00-57-01_311.jpg', '2015-07-08'),
(244, 312, 'BCA', 'herman8', '234242', 'BCA', 'jdjdhhehe', '572882626', '2015-07-8_00-57-17_312.jpg', '2015-07-08'),
(245, 313, 'BCA', 'herman7', '235252', 'BCA', 'jdjdhhehe', '572882626', '2015-07-8_00-57-31_313.jpg', '2015-07-08'),
(246, 247, 'BNI', 'ISA3', 'e', 'BCA', 'isa18', '88', '', '2015-07-08'),
(247, 247, 'BNI', 'ISA3', 'e', 'BCA', 'isa18', '88', '', '2015-07-08'),
(248, 247, 'BNI', 'ISA3', 'e', 'BCA', 'isa18', '88', '', '2015-07-08'),
(249, 247, 'BNI', 'ISA3', 'e', 'BCA', 'isa18', '88', '', '2015-07-08'),
(250, 248, 'BNI', 'ISA2', '3', 'BCA', 'isa18', '88', '', '2015-07-08'),
(251, 249, 'BNI', 'ISA2', '3', 'BCA', 'isa18', '88', '', '2015-07-08'),
(252, 250, 'BNI', 'ISA2', '3', 'BCA', 'isa18', '88', '', '2015-07-08'),
(253, 314, 'BNI', 'ISA6', '3', 'BNI', 'isa17', '088', '', '2015-07-08'),
(254, 315, 'BNI', 'ISA5', '2', 'BNI', 'isa17', '088', '', '2015-07-08'),
(255, 316, 'BNI', 'ISA4', '2', 'BNI', 'isa17', '088', '', '2015-07-08'),
(256, 317, 'BNI', 'ISA3', 'e', 'BNI', 'isa17', '088', '', '2015-07-08'),
(257, 318, 'BNI', 'ISA2', '3', 'BNI', 'isa17', '088', '', '2015-07-08'),
(258, 319, 'BNI', 'Angga Kesuma', '019283978891923', 'BNI', 'isa17', '088', '', '2015-07-08'),
(259, 320, 'BNI', 'ISA2', '3', 'Bank Danamon', 'isa19', '97', '', '2015-07-08'),
(260, 321, 'BNI', 'Angga Kesuma', '019283978891923', 'Bank Mega', 'isa19', '97', '', '2015-07-08'),
(261, 322, 'BNI', 'ISA7', '2', 'BCA', 'isa20', '8', '', '2015-07-08'),
(262, 323, 'BNI', 'ISA6', '3', 'BCA', 'isa20', '8', '', '2015-07-08'),
(263, 324, 'BNI', 'ISA5', '2', 'BCA', 'isa20', '8', '', '2015-07-08'),
(264, 324, 'BNI', 'ISA5', '2', 'BCA', 'isa20', '8', '', '2015-07-08'),
(265, 324, 'BNI', 'ISA5', '2', 'BCA', 'isa20', '8', '', '2015-07-08'),
(266, 325, 'BNI', 'ISA4', '2', 'BCA', 'isa20', '8', '', '2015-07-08'),
(267, 326, 'BNI', 'ISA3', 'e', 'BCA', 'isa20', 'dffd', '', '2015-07-08'),
(268, 327, 'BNI', 'ISA2', '3', 'BCA', 'isa2009000', '8', '', '2015-07-08'),
(269, 328, 'BNI', 'Angga Kesuma', '019283978891923', 'BCA', 'isa20', '8', '', '2015-07-08'),
(270, 328, 'BNI', 'Angga Kesuma', '019283978891923', 'Bank CIMB Niaga', 'isa20', '8', '', '2015-07-08'),
(271, 329, 'BCA', 'Andy', '276464263', 'BCA', 'Andy', '276464263', '2015-07-8_06-02-39_329.jpg', '2015-07-08'),
(272, 330, 'BCA', 'Andy', '276464263', 'BCA', 'Andy', '276464263', '2015-07-8_06-03-08_330.jpg', '2015-07-08'),
(273, 331, 'BCA', 'Andy', '6463286348', 'BCA', 'Andy', '276464263', '2015-07-8_06-03-22_331.jpg', '2015-07-08'),
(274, 332, 'BCA', 'herman13', '038402', 'BCA', 'Andy', '276464263', '2015-07-8_06-03-40_332.jpg', '2015-07-08'),
(275, 333, 'BCA', 'herman12', '3424', 'BCA', 'Andy', '276464263', '2015-07-8_06-03-43_333.jpg', '2015-07-08'),
(276, 333, 'BCA', 'herman12', '3424', 'BCA', 'Andy', '276464263', '2015-07-8_06-03-45_333.jpg', '2015-07-08'),
(277, 334, 'BCA', 'herman11', '3342', 'BCA', 'Andy', '276464263', '2015-07-8_06-04-01_334.jpg', '2015-07-08'),
(278, 335, 'BCA', 'herman8', '234242', 'BCA', 'Andy', '276464263', '2015-07-8_06-04-08_335.jpg', '2015-07-08'),
(279, 336, 'BCA', 'Andy', '276464263', 'BCA', 'Andy', '276464263', '2015-07-8_06-05-03_336.jpg', '2015-07-08'),
(280, 337, 'BCA', 'Andy', '276464263', 'BCA', 'Andy', '276464263', '2015-07-8_06-05-36_337.jpg', '2015-07-08'),
(281, 338, 'BCA', 'Andy', '6463286348', 'BCA', 'Andy', '276464263', '2015-07-8_06-05-49_338.jpg', '2015-07-08'),
(282, 339, 'BCA', 'herman13', '038402', 'BCA', 'Andy', '276464263', '2015-07-8_06-06-14_339.jpg', '2015-07-08'),
(283, 340, 'BCA', 'herman12', '3424', 'BCA', 'Andy', '276464263', '2015-07-8_06-06-30_340.jpg', '2015-07-08'),
(284, 341, 'BCA', 'herman11', '3342', 'BCA', 'Andy', '276464263', '2015-07-8_06-06-44_341.jpg', '2015-07-08'),
(285, 342, 'BCA', 'herman8', '234242', 'BCA', 'Andy', '276464263', '2015-07-8_06-06-58_342.jpg', '2015-07-08'),
(286, 334, 'BCA', 'herman11', '3342', 'BCA', 'Andy', '276464263', '2015-07-8_06-15-53_334.jpg', '2015-07-08'),
(287, 335, 'BCA', 'herman8', '234242', 'BCA', 'Andy', '276464263', '2015-07-8_06-16-10_335.jpg', '2015-07-08'),
(288, 335, 'BCA', 'herman8', '234242', 'BCA', 'Andy', '276464263', '2015-07-8_06-18-31_335.jpg', '2015-07-08'),
(289, 335, 'BCA', 'herman8', '234242', 'BCA', 'Andy', '276464263', '2015-07-8_06-19-52_335.jpg', '2015-07-08'),
(290, 335, 'BCA', 'herman8', '234242', 'BCA', 'Andy', '276464263', '2015-07-8_06-22-08_335.jpg', '2015-07-08'),
(291, 343, 'BNI', 'ISA5', '2', 'BNI', 'isa21', '2', '', '2015-07-08'),
(292, 344, 'BNI', 'ISA4', '2', 'BNI', 'isa21', '2', '', '2015-07-08'),
(293, 345, 'BNI', 'ISA3', 'e', 'BNI', 'isa21', '2', '', '2015-07-08'),
(294, 346, 'BNI', 'ISA2', '3', 'BNI', 'isa21', '2', '', '2015-07-08'),
(295, 347, 'BNI', 'Angga Kesuma', '019283978891923', 'BNI', 'isa21', '2', '', '2015-07-08');

-- --------------------------------------------------------

--
-- Table structure for table `transfer_referral_cancel`
--

CREATE TABLE IF NOT EXISTS `transfer_referral_cancel` (
  `id` int(10) unsigned NOT NULL AUTO_INCREMENT,
  `id_transfer_referral_bukti` int(10) unsigned NOT NULL,
  `msg` varchar(255) NOT NULL,
  PRIMARY KEY (`id`)
) ENGINE=InnoDB  DEFAULT CHARSET=latin1 AUTO_INCREMENT=24 ;

--
-- Dumping data for table `transfer_referral_cancel`
--

INSERT INTO `transfer_referral_cancel` (`id`, `id_transfer_referral_bukti`, `msg`) VALUES
(1, 80, 'kirim ulang'),
(2, 80, 'kirim ulang'),
(3, 32, 'kirim bukti transfer...'),
(4, 36, 'buktinya mas ???'),
(5, 38, ''),
(6, 50, 'Tolong upload bukti transfer pak!!!'),
(7, 159, 'anda kurang tampan'),
(8, 160, 'anda kurang ganteng'),
(9, 161, 'aNDA kurang menawan'),
(10, 178, 'dsdsds'),
(11, 180, ''),
(12, 180, ''),
(13, 181, ''),
(14, 246, ''),
(15, 247, ''),
(16, 248, ''),
(17, 269, ''),
(18, 277, 'belum diterima'),
(19, 278, 'belum diterima'),
(20, 287, 'belum diterima juga'),
(21, 288, 'sama belum diterima juga'),
(22, 289, 'gagal transfer'),
(23, 290, 'jangan main main ya, tdk ada');

-- --------------------------------------------------------

--
-- Table structure for table `transfer_referral_conf`
--

CREATE TABLE IF NOT EXISTS `transfer_referral_conf` (
  `id` int(10) unsigned NOT NULL AUTO_INCREMENT,
  `downline` int(11) NOT NULL,
  `max_income` int(11) NOT NULL,
  PRIMARY KEY (`id`)
) ENGINE=InnoDB  DEFAULT CHARSET=latin1 AUTO_INCREMENT=6 ;

--
-- Dumping data for table `transfer_referral_conf`
--

INSERT INTO `transfer_referral_conf` (`id`, `downline`, `max_income`) VALUES
(1, 1, 2000000),
(2, 2, 4000000),
(3, 3, 6000000),
(4, 4, 8000000),
(5, 0, 0);

-- --------------------------------------------------------

--
-- Table structure for table `transfer_referral_conf_amount`
--

CREATE TABLE IF NOT EXISTS `transfer_referral_conf_amount` (
  `id` int(10) unsigned NOT NULL AUTO_INCREMENT,
  `level` int(11) NOT NULL,
  `value` int(11) NOT NULL,
  PRIMARY KEY (`id`)
) ENGINE=InnoDB  DEFAULT CHARSET=latin1 AUTO_INCREMENT=8 ;

--
-- Dumping data for table `transfer_referral_conf_amount`
--

INSERT INTO `transfer_referral_conf_amount` (`id`, `level`, `value`) VALUES
(1, 1, 150000),
(2, 2, 100000),
(3, 3, 100000),
(4, 4, 100000),
(5, 5, 100000),
(6, 6, 100000),
(7, 7, 100000);

-- --------------------------------------------------------

--
-- Table structure for table `transfer_referral_msg`
--

CREATE TABLE IF NOT EXISTS `transfer_referral_msg` (
  `id` int(10) unsigned NOT NULL AUTO_INCREMENT,
  `id_transfer_referral` int(10) unsigned NOT NULL,
  `msg` int(11) NOT NULL,
  `updated_at` timestamp NOT NULL DEFAULT CURRENT_TIMESTAMP ON UPDATE CURRENT_TIMESTAMP,
  `created_at` timestamp NOT NULL DEFAULT '0000-00-00 00:00:00',
  PRIMARY KEY (`id`)
) ENGINE=InnoDB DEFAULT CHARSET=latin1 AUTO_INCREMENT=1 ;

-- --------------------------------------------------------

--
-- Table structure for table `voucher`
--

CREATE TABLE IF NOT EXISTS `voucher` (
  `id` int(10) unsigned NOT NULL AUTO_INCREMENT,
  `nomor` varchar(19) NOT NULL,
  PRIMARY KEY (`id`),
  UNIQUE KEY `nomor` (`nomor`)
) ENGINE=InnoDB  DEFAULT CHARSET=latin1 AUTO_INCREMENT=4041 ;

--
-- Dumping data for table `voucher`
--

INSERT INTO `voucher` (`id`, `nomor`) VALUES
(2461, '0000-8eda-9092-056a'),
(3205, '00ac-83af-3c5c-9cb7'),
(3837, '0112-2759-e6c4-da37'),
(3278, '0170-2eba-0537-2cbf'),
(3111, '01dc-da67-57cd-b0a4'),
(3348, '0204-4918-20ed-a5b4'),
(3594, '021c-e40f-8823-9e28'),
(2305, '0226-80a7-1f9b-aa9e'),
(2549, '0289-6339-105c-01a4'),
(3792, '0294-feda-c618-18e5'),
(2863, '02b0-d7d9-dd9f-f662'),
(3133, '02fb-b1db-bbf4-b095'),
(2444, '0304-f1ab-e788-d76c'),
(2129, '0314-2d2b-6221-a22a'),
(2914, '031b-1a73-5908-4480'),
(3601, '032d-9e6a-5ec1-202e'),
(3447, '039e-616f-d80c-972a'),
(3879, '03a9-0611-7711-4ed1'),
(2111, '03d8-7d65-4a2a-935a'),
(3151, '041d-ce88-c91a-0354'),
(3759, '0435-b810-2c5b-606f'),
(2887, '0479-7d1b-a311-154a'),
(2085, '048d-7dc4-4846-1957'),
(3334, '049c-311c-b39d-4bf6'),
(3506, '04b5-13a7-a022-bdf8'),
(4021, '04b8-fe8c-e192-323d'),
(2481, '04c0-b9dd-e5b1-e615'),
(2710, '04c3-fedf-ea93-0c88'),
(2475, '04e0-a5a3-02f1-5d10'),
(2722, '04e4-102b-edd9-0422'),
(3965, '04ec-fa40-4ce6-1e23'),
(2207, '0508-b878-d4ee-5ddd'),
(2242, '050d-6c64-e8cb-2ab3'),
(2581, '0528-bc58-5e76-44fa'),
(2104, '0528-f200-ee45-a9ae'),
(3077, '052c-d04a-a799-239f'),
(3984, '0536-d7be-f1e0-af5b'),
(2845, '054d-48f4-fad2-5b4a'),
(2088, '05b1-e896-b761-830e'),
(2133, '05d4-9182-e760-a5ce'),
(3312, '05e7-a62e-f972-40d6'),
(3848, '061d-2828-c134-77d5'),
(4025, '067b-335f-32d0-5bbe'),
(2827, '068b-501a-96f0-0731'),
(3583, '06a6-62fd-f299-8772'),
(3396, '06dd-1228-fd96-1b3e'),
(3239, '06df-00de-1151-8cb6'),
(2143, '070a-1487-7d26-ab15'),
(3402, '0742-1b7e-51b9-b371'),
(2511, '0752-d001-27fc-847c'),
(2850, '0753-98fe-2df6-c9dc'),
(3021, '0776-bca1-d061-c7cb'),
(2497, '078d-a947-a28c-b761'),
(2588, '07a0-4321-ab2a-d409'),
(2801, '07a2-f33d-e8c2-e335'),
(2109, '07b7-9975-baab-732c'),
(2066, '07c5-83dd-e43c-1ff1'),
(3566, '07e4-8449-4f2d-4418'),
(2274, '07f6-baae-37bd-4d8c'),
(2060, '080f-0d1c-ef4f-a5b2'),
(3446, '0817-1706-ed91-4f1b'),
(2490, '0820-e4d2-77ea-3d85'),
(3576, '0823-5d6b-535c-9367'),
(2330, '0846-b231-9146-ae3e'),
(3675, '0850-8fe5-e46c-fbfc'),
(3679, '085a-46ec-8cfd-3bc4'),
(2256, '088a-26c9-f9d7-2c36'),
(3184, '08b7-94c4-8a4f-14a6'),
(2041, '08c6-66be-268e-d988'),
(2775, '08da-3d20-9ae6-6fba'),
(2927, '090b-bee4-3fe6-742f'),
(2621, '0938-8aae-ca74-ef32'),
(3378, '095c-e7fb-63a6-cede'),
(3962, '096a-a3fe-980d-6896'),
(2750, '09b4-869d-4e00-78f7'),
(2437, '09c6-3623-df7c-b9e1'),
(2465, '09d9-e9d1-30b4-85b3'),
(3163, '09ff-0054-e52d-1b41'),
(1879, '0a3f-75a8-b46b-10d9'),
(3448, '0a53-bbe8-17c3-9f7c'),
(1315, '0a72-dbb1-c70d-3182'),
(3004, '0a74-7ded-a615-80a9'),
(2988, '0aaf-cb2b-d39d-a438'),
(2531, '0ad9-bbf9-8439-d8dc'),
(3659, '0af2-3781-466c-cd39'),
(1082, '0b2b-0e19-1c9e-e0fd'),
(1525, '0b2d-03e1-f5b5-1e9b'),
(1960, '0b2e-bac5-3315-1dbe'),
(3669, '0b3e-0a66-5962-bd1e'),
(3226, '0b3f-8645-2d59-7d05'),
(1130, '0b44-a1d4-271a-cdbf'),
(3273, '0b52-a27c-cafb-20d3'),
(3707, '0b53-bd07-0110-be3d'),
(2691, '0b85-0d34-7f34-2485'),
(1407, '0bc5-86d0-120e-956d'),
(2554, '0c39-d9ae-a4a3-0e01'),
(3066, '0c50-5a22-c87d-459a'),
(2965, '0c64-e92a-aa45-86d6'),
(1668, '0ca1-6010-3421-ec6c'),
(3186, '0ca2-0e9b-c990-e0de'),
(2688, '0cba-046d-f30e-e4a1'),
(2459, '0cbf-f009-5221-ecab'),
(2107, '0cc0-e708-2277-304a'),
(1666, '0ce1-765a-1d6b-8b08'),
(1168, '0ce1-c2a3-b66a-7ef1'),
(3878, '0cfa-19de-7593-9947'),
(2458, '0d11-64f5-5d3b-0d85'),
(1926, '0d26-54fe-c14b-e4d8'),
(3471, '0d31-645b-2d78-4db4'),
(1958, '0d4a-1bce-f369-d0d7'),
(3255, '0d63-4692-f904-6c41'),
(1910, '0d64-6e39-dbda-e12a'),
(1419, '0d8a-61f2-643b-2f30'),
(2718, '0d92-5b2f-28df-0179'),
(1173, '0d9b-84c2-f697-acb5'),
(3228, '0dab-b3a2-7929-574d'),
(3120, '0db0-e4e7-fc81-a968'),
(1169, '0dc3-f34b-a894-b7c9'),
(3395, '0ddd-3db7-35ac-7e78'),
(3580, '0df8-ec23-822c-4dff'),
(2980, '0dfa-6908-dde7-036a'),
(2136, '0dfe-c9d3-16bc-35ea'),
(2791, '0e03-19c2-04f5-3296'),
(2293, '0e0e-3fd8-14b2-8ff6'),
(2876, '0e3c-1789-59c7-47cb'),
(3797, '0e41-1606-0989-d6e1'),
(2446, '0e47-87ec-867a-7037'),
(2556, '0e50-0472-6bc4-56ab'),
(2169, '0e60-12b8-7d6b-cec2'),
(2824, '0e68-3327-854e-8e12'),
(3267, '0ec6-12e2-e210-de17'),
(2507, '0f10-859a-e073-e111'),
(2098, '0f21-074b-6898-0e38'),
(3672, '0f23-c2d6-f047-fe7d'),
(2532, '0f31-8a32-991b-6964'),
(1316, '0f4f-16a5-8414-73ca'),
(2993, '0f5a-1c15-f1a5-7b86'),
(1374, '0ffb-c597-8627-ad11'),
(1410, '1000-225c-d2b3-3bfb'),
(3316, '1005-e3d9-d2c4-a9b8'),
(2799, '103d-47cf-2738-c665'),
(1593, '1050-318d-8973-9372'),
(2560, '1090-9420-3ef6-4d40'),
(2235, '1096-63fc-10ff-9c5f'),
(1580, '10b4-cba7-13f4-afea'),
(1516, '10c7-fb55-fa8e-8125'),
(3980, '10c9-eedc-c685-11dc'),
(1659, '10e1-2552-9a91-a271'),
(2872, '1106-58b1-2499-bfa8'),
(3415, '1109-5efe-9b33-ffb2'),
(2785, '110c-e61b-11fc-eec2'),
(2970, '110e-3923-4ae3-7bc3'),
(3727, '111a-8713-cd3e-5f3b'),
(3897, '1156-8af4-246d-7429'),
(3712, '115c-5f57-80a4-a6be'),
(2223, '116f-ef76-e650-4e83'),
(1943, '11a2-816c-1efb-22ed'),
(1919, '11ba-007a-0c11-bad8'),
(1147, '11ba-2965-f52e-bcde'),
(2024, '11d1-28d9-169f-2c42'),
(3240, '11dc-2036-d026-9722'),
(2625, '11ee-fe13-48a0-fa66'),
(1093, '1205-f577-fc95-69af'),
(1131, '120a-f627-dee8-a1fe'),
(2053, '1210-5b54-46df-9ca9'),
(2324, '1210-aec8-7a9a-4a70'),
(2078, '1233-f460-7785-7dbe'),
(3858, '1238-2375-1d60-039e'),
(1385, '1244-9235-7f7d-3a8b'),
(1569, '124f-20ab-b45e-e855'),
(3284, '1251-2b6d-ded2-1dfa'),
(1728, '126b-8347-6a2e-b379'),
(3193, '1282-4111-345b-31e2'),
(1622, '1283-49a2-7613-9c55'),
(2681, '1284-ff01-8bb5-c6b3'),
(1178, '128d-388f-c489-200e'),
(3538, '12cd-a565-09ec-7022'),
(1297, '12d0-cdd5-39e9-7102'),
(1442, '12f7-ccce-f33d-16eb'),
(3607, '130e-9143-d8f1-407a'),
(2115, '1331-c0cf-5d49-7927'),
(3586, '133d-e7d8-dd12-aaf7'),
(3294, '1354-7ff9-fed1-4237'),
(2857, '1355-da06-fc35-cf41'),
(3374, '135a-4a58-2e56-2e9f'),
(3553, '136d-2c90-7eee-cfcd'),
(2957, '1382-af26-587c-a2ca'),
(3799, '13a2-a2de-e6a0-47f0'),
(2245, '13bb-17ac-79d6-b60b'),
(1853, '13c7-7876-4198-5a03'),
(2979, '13f9-3ef6-d383-694e'),
(1540, '140d-db27-36d5-3dfa'),
(2920, '1416-700b-3dae-3b5d'),
(2419, '1435-2640-7dce-c792'),
(3246, '143e-471c-3db2-2411'),
(3520, '147f-ea1e-16ab-3e15'),
(2125, '1493-fa66-8cae-7b2d'),
(1591, '1499-5bd7-f412-2191'),
(1198, '1502-20a8-374b-3a1c'),
(4014, '1514-8da0-d66b-7e59'),
(2439, '1527-131e-c0a5-e1ad'),
(3504, '152f-55a1-7793-6da0'),
(3631, '1559-1e08-8e3a-5d86'),
(3855, '156b-1817-f12b-301d'),
(1300, '1594-7dca-2341-212e'),
(3046, '15a5-67c1-1335-6a6a'),
(1113, '15a9-8d3f-f555-a55f'),
(2353, '15d3-4469-2771-4e59'),
(2127, '15e0-b35e-0dfb-da78'),
(2803, '161d-29ee-c325-8d14'),
(3204, '163f-6960-1b94-5e39'),
(2240, '1653-1634-15b1-bdcf'),
(3393, '165d-5ca1-31a9-4be1'),
(1161, '1663-fe33-4b61-9f23'),
(1745, '1674-c0b8-3719-54ed'),
(3172, '1677-7d4f-7a1c-06ea'),
(3308, '1685-f4f1-de56-2a31'),
(1066, '1697-085b-48f4-542c'),
(1619, '1699-bce4-235c-763e'),
(2232, '16c0-77e6-b864-dd11'),
(3713, '16d5-acca-f9ee-b92d'),
(2374, '16f0-a25c-e312-1c36'),
(2273, '173e-042c-837d-f045'),
(3828, '178a-eb93-8453-e8fa'),
(3603, '179d-41f7-e618-d876'),
(2819, '17d6-7771-e48b-3e6e'),
(1426, '17e2-ef5a-98cf-86fb'),
(1476, '17ea-0186-3f7e-a34b'),
(1484, '17eb-e42a-97b1-ff5a'),
(2452, '17f4-e319-c1ce-22ff'),
(2884, '1837-4d49-4d09-9d68'),
(1931, '1863-ffa0-3be0-300a'),
(3440, '186b-fcd8-ee4c-6054'),
(1624, '187a-82ad-eea6-7c81'),
(1935, '187a-e1a8-4ddf-9316'),
(2498, '188c-6bd5-ba86-5423'),
(1453, '188f-c22a-d5c8-9ec8'),
(2774, '18b2-790f-296d-d77f'),
(3023, '18b3-5dbe-77ba-8a5f'),
(3744, '18b8-aa3c-49c2-64e7'),
(2385, '18cc-1925-2992-f568'),
(3026, '18ce-d649-e733-b900'),
(2176, '18d5-8a13-73e5-723a'),
(2018, '18e1-0897-7d28-0bed'),
(1601, '18f3-9858-0f4a-6579'),
(1977, '1919-8600-75c5-3cca'),
(2286, '191a-715c-1984-4698'),
(2021, '1926-a443-63d0-304d'),
(3007, '1948-7d84-004f-3a5d'),
(1662, '197f-10f8-f621-17d1'),
(3793, '1987-b91b-f194-9c3c'),
(3731, '198d-7a37-2c61-fc27'),
(2343, '19b9-f498-5b8d-c0a8'),
(3262, '19c0-3a1a-12a6-c395'),
(3302, '19c5-48e6-2893-687a'),
(2798, '19d7-3daa-c6a8-d069'),
(2744, '19dd-351d-e01c-773e'),
(3148, '19e7-ea74-4071-2a0c'),
(3150, '1a03-5efd-c8cd-7bb3'),
(3135, '1a10-e90b-87db-8d1d'),
(2415, '1a1f-7caa-eb65-1c8c'),
(3498, '1a6d-80eb-3222-689b'),
(1431, '1a93-d03b-e229-998b'),
(1396, '1ac8-6f48-e90a-6d0f'),
(3958, '1ac8-c748-ed2c-0486'),
(1386, '1acf-8723-7093-2207'),
(3997, '1ad9-9e72-7100-3a99'),
(3873, '1ae4-b1d6-4c95-f16d'),
(3029, '1aea-99d6-7302-93b3'),
(1182, '1b2b-3bbf-7814-b8b9'),
(1233, '1b36-e23d-3df6-c4fe'),
(2229, '1b37-3c61-70b2-b656'),
(2534, '1b3b-8864-aea1-2559'),
(3524, '1b4f-0491-23b4-2541'),
(3695, '1b5e-4030-0c71-fce1'),
(2615, '1b60-974f-6357-ec99'),
(3868, '1b61-60d3-4631-da80'),
(1759, '1b84-bcd3-6cd6-ce39'),
(2394, '1b9e-4a1d-4315-930c'),
(2017, '1bad-6ff7-4977-a403'),
(1483, '1bb3-9dd2-35da-7ec5'),
(2141, '1c15-4250-b6ce-05e6'),
(2611, '1c16-0620-271e-144e'),
(2727, '1c40-3e35-5d04-7c86'),
(3530, '1c51-9b8c-6618-1c33'),
(1209, '1c6a-c062-5e9c-3e90'),
(2096, '1c82-7e37-a29e-8149'),
(4003, '1ce2-03b0-77f9-ecdf'),
(2726, '1d1a-b4f1-0924-017c'),
(1630, '1d26-ab7f-dff6-a7fc'),
(2653, '1d31-6315-5cd2-8607'),
(1086, '1d64-a405-44b3-7a46'),
(2586, '1d76-4656-e8ea-8e1f'),
(1402, '1d78-79cd-90ea-74d6'),
(2165, '1d8a-4c6d-20ea-5892'),
(3766, '1d8a-5fed-07f1-ee63'),
(2533, '1da3-3704-5546-e486'),
(1432, '1dae-3eab-10b0-4680'),
(1649, '1dc0-9c8b-11cc-4e72'),
(3490, '1dc9-61a7-5156-1b1a'),
(3628, '1dd0-14a8-cf0c-3ff5'),
(3991, '1df0-d644-4918-7dbf'),
(2345, '1df6-2279-aa26-0602'),
(1979, '1e01-952e-a271-075a'),
(3298, '1e26-9a4d-b3b9-618a'),
(2839, '1e51-d1ed-ee5f-622a'),
(3521, '1e68-1ed4-06f3-d305'),
(3912, '1e68-3afd-6767-8620'),
(3218, '1e8e-fd7e-db65-2aef'),
(3064, '1eac-6bc6-e48a-8969'),
(2334, '1ef1-1f9e-a7f6-1673'),
(2445, '1efa-6175-9b10-e3d5'),
(1552, '1f05-44cb-5ae7-0954'),
(3423, '1f0a-2fce-8249-437d'),
(3115, '1f37-9b92-9422-794c'),
(1563, '1f38-ed9a-a8ac-1d57'),
(2805, '1f5b-bb82-ae34-a226'),
(2952, '1f5c-46c6-423c-1583'),
(3165, '1f75-42e2-0e97-5870'),
(3548, '1f76-12aa-d6ce-5575'),
(4015, '1f78-36bb-4fcd-d455'),
(2430, '1f8c-033e-0888-e6b7'),
(2784, '1fb4-a65d-42be-66cd'),
(4026, '1fda-a6e0-bdd8-53db'),
(3268, '1fde-ce40-5dc3-3222'),
(3075, '2030-408d-fdf3-1e2f'),
(2310, '2033-bcf5-852c-8fdc'),
(2679, '2043-a451-6ecf-93cb'),
(3857, '205b-ad06-e3f1-063a'),
(2187, '2074-c15c-afbf-dbf2'),
(3772, '2094-fe7e-182c-0356'),
(3738, '20a2-87de-78f5-9eb8'),
(2443, '20a8-b5da-ca7c-d7fb'),
(2817, '20c7-8911-b1ae-fad8'),
(2338, '20f0-3980-375e-103f'),
(2043, '2115-94da-02f3-7e06'),
(3162, '212a-1575-3090-2be9'),
(2364, '2153-99ad-0127-071c'),
(3655, '2172-75fe-d6ea-1a3b'),
(2804, '2182-01ec-fa7e-9243'),
(2283, '2183-7536-eb9b-67ac'),
(3070, '2185-ad84-628e-fb4e'),
(3644, '2198-812d-eca0-58cb'),
(3854, '21a5-672e-0c87-550f'),
(2031, '21ab-bb82-f859-5aa7'),
(3474, '21d4-ae84-3bd7-8267'),
(3362, '2205-b76d-3c9b-412b'),
(3652, '2230-82f7-ee03-660e'),
(3581, '2258-3691-cf33-72c9'),
(3505, '226a-baf8-0681-27e1'),
(2732, '229f-4f2c-de4a-433a'),
(3104, '22b4-3de8-9628-438c'),
(2994, '22b5-2754-adac-3334'),
(2102, '22c2-443d-2738-541d'),
(2396, '22e0-9b6c-7695-fe5f'),
(2623, '2307-2a8f-2e37-6600'),
(3234, '236e-4fa6-b2af-09e8'),
(3009, '23ef-6770-e204-4536'),
(2760, '2424-8886-c8d9-b916'),
(2632, '2441-f356-e182-8f78'),
(2451, '24a9-6831-99fe-869c'),
(2579, '24ba-6eef-7c5b-15aa'),
(1575, '24c6-b6bc-a0a4-6bb9'),
(2786, '24d2-e25a-103e-5ded'),
(1518, '2526-1866-c010-df2d'),
(3742, '252b-f0ff-e097-f072'),
(2196, '2547-c577-fc58-c538'),
(3709, '254e-bd22-4691-825c'),
(3292, '2554-e00a-35bd-fafb'),
(3888, '2578-b6b7-54dc-3f93'),
(3975, '2582-fd68-082a-535a'),
(3140, '259f-bc4e-a32b-8d66'),
(1126, '261e-5d89-e75a-6932'),
(3714, '2628-efaa-0b15-2e30'),
(2915, '262d-c1b3-c202-d3ef'),
(3514, '2647-d736-9fb9-086e'),
(3189, '2655-0dc7-4b58-0668'),
(3043, '268a-23ce-2151-44d1'),
(2563, '268c-1d4f-98ee-8fc5'),
(2821, '2698-1dcf-44a4-0753'),
(3350, '269e-d7ca-b2bf-362c'),
(2307, '26a2-da11-48d0-85c2'),
(2724, '26b9-893a-fd0e-7dd0'),
(1261, '26e0-ab45-db48-4f24'),
(2255, '26fd-5a04-7646-2755'),
(3947, '271d-8de5-3964-cf3a'),
(3098, '2724-9ff4-d264-e3db'),
(1781, '2730-8188-a6ca-fb18'),
(1289, '2732-68ac-9bff-aac7'),
(3257, '2768-7bd2-8bb6-1d06'),
(1595, '27af-4959-9c77-778a'),
(2594, '27b0-189c-6b90-3637'),
(1914, '27cd-5a57-5814-0d54'),
(1174, '27d3-9a37-8e57-1511'),
(2515, '27ed-13b1-e0c3-cf76'),
(1989, '27ef-95c0-7e37-51aa'),
(3129, '27f4-d624-0c04-d84a'),
(3998, '27fe-2c95-1361-65a3'),
(3812, '2801-bf47-5011-0225'),
(1973, '281f-ae4b-c92a-515a'),
(1445, '2821-ac0b-945e-461b'),
(2790, '282b-aabe-95e0-0a07'),
(2930, '283c-dd0f-43c6-2a30'),
(2544, '2840-91cb-b5a2-e833'),
(2612, '2849-7815-0924-36c2'),
(1632, '284e-b80a-15c2-7499'),
(3086, '2851-4907-c971-0bfd'),
(1216, '2877-8af3-0c61-8449'),
(1639, '2892-fd59-54ef-b9a7'),
(3808, '28b8-e652-c824-5334'),
(3271, '28c9-edae-e2fd-8d08'),
(1495, '28e0-68fd-760d-9f8f'),
(2516, '2912-389a-f3bc-718c'),
(1880, '291e-7e0b-73df-f05e'),
(1704, '2931-fd32-967a-d98d'),
(2929, '295c-91ed-2970-1dd9'),
(3820, '2990-a995-411e-1f27'),
(2897, '29b3-b24f-31b1-a798'),
(1743, '29d9-ae95-fc55-c221'),
(2163, '29e9-fd98-d6be-52df'),
(1159, '29f3-11b5-4676-016e'),
(2199, '29fe-0b24-095f-429d'),
(2669, '2a1f-7686-6dc9-8333'),
(2454, '2a27-b705-cc8d-5360'),
(3465, '2a2a-770c-4dc8-fdc2'),
(2080, '2a31-a9b6-532b-e771'),
(3045, '2a37-2cc7-0f8f-f6d0'),
(2472, '2a3f-7f90-2be0-96c7'),
(1757, '2a46-3c77-39e9-f90c'),
(3354, '2a48-6fca-2bae-9229'),
(1448, '2a4a-d9de-cda5-57f7'),
(2469, '2a4d-a8f9-f144-360b'),
(3966, '2a5d-6c58-c6fe-c505'),
(1287, '2a7a-1252-60f9-ed24'),
(3973, '2ac2-687a-5709-ae79'),
(2217, '2afd-dd3b-2bb4-019c'),
(3575, '2b06-19e6-58ab-40db'),
(3212, '2b0a-fe9d-7c51-7a0a'),
(1256, '2b50-5867-e617-2109'),
(2522, '2b59-1097-23d3-6b31'),
(2225, '2b59-3ffc-10c2-0946'),
(2331, '2b76-778e-de4a-6305'),
(1678, '2b78-3fcb-f7d4-05a9'),
(1716, '2bcc-108b-fdf8-e3a6'),
(4023, '2beb-fc0b-cf96-9e02'),
(3214, '2c02-23e8-c2dd-6fc0'),
(2049, '2c2e-51ee-a079-01f8'),
(1586, '2c36-3248-044c-6a2d'),
(3223, '2c37-ed35-b428-75e1'),
(2288, '2c43-37fa-8479-9ac7'),
(1733, '2c9a-0c43-c9af-d621'),
(2180, '2cac-7ee0-66fe-dfda'),
(3546, '2ce4-6f1f-3907-c248'),
(2955, '2cf2-47f7-b858-5d46'),
(3254, '2d1f-dd4c-cbbd-1e52'),
(3224, '2d21-527a-98b6-9059'),
(2859, '2d34-64d1-f1fb-7375'),
(1074, '2d38-f031-6c82-2672'),
(1394, '2d3a-6237-8823-d7d8'),
(2505, '2d43-b9e6-8490-ea1b'),
(2779, '2d55-d48a-5695-6357'),
(1932, '2d78-e23c-cdda-b27b'),
(1077, '2d83-5e2a-7597-5d1b'),
(2762, '2da3-d46d-58d6-6ef3'),
(3773, '2dc6-392e-eccb-851a'),
(3289, '2dd6-7e38-7723-b959'),
(3527, '2dda-76ca-1840-69a4'),
(1191, '2de4-f7fe-74f2-4d03'),
(2673, '2dfe-e033-f59c-6310'),
(3650, '2e04-76d5-94a6-b073'),
(1687, '2e2c-cf6f-290d-782c'),
(2008, '2e35-852a-5ae9-1602'),
(1691, '2e50-1ca3-c3bb-f7bc'),
(1791, '2e88-3c8c-d14a-12ef'),
(1787, '2e9b-70ac-12cd-8706'),
(1079, '2ea1-a3d1-42b8-35cc'),
(1413, '2eae-a5ec-1930-7488'),
(2048, '2f38-a90e-fd24-dda5'),
(1643, '2f4c-f706-f884-7a03'),
(3770, '2f76-6e86-dc04-5964'),
(1656, '2f79-1ecd-eb93-d863'),
(2377, '2f7e-00d1-7b4d-3878'),
(2597, '2f93-7f65-7787-dfa5'),
(1788, '2f9d-d7c5-b936-db4f'),
(3285, '2fa5-c05a-4a53-4838'),
(3028, '2fa9-a855-3bb6-2e45'),
(2670, '2fac-497f-b433-787d'),
(1727, '2fbd-ee10-89b7-35b1'),
(1822, '2fc2-cd7c-28ec-2979'),
(1802, '2fd0-6fcd-3c07-2a8e'),
(1268, '3000-5d42-6ed6-4f80'),
(2651, '3002-7b43-7ceb-edad'),
(3733, '3020-26cf-cbdf-6635'),
(3718, '3031-2a38-8954-b765'),
(1058, '3051-2e9c-944a-acf7'),
(2934, '3076-bdc7-1096-a274'),
(3286, '3097-d4c1-71ce-a46c'),
(2233, '30b6-ccf6-9d19-ad15'),
(3020, '30c1-07f6-1d6d-aed7'),
(3771, '30f1-08ea-699e-04fb'),
(1739, '30f7-f810-ea66-9ae8'),
(2706, '3123-d8a2-3774-9c48'),
(2460, '3139-a7d9-dd34-5d02'),
(1275, '3160-56c1-c268-88c6'),
(3436, '3171-34b3-ab5f-859d'),
(2264, '317a-884b-0a4f-8d8c'),
(1700, '3186-1923-91ad-ed1c'),
(1673, '31c8-1ca0-6cb9-b3bb'),
(1773, '3200-af7b-7535-4aab'),
(3515, '321a-9082-d573-e757'),
(2314, '322c-d39b-5d87-59e5'),
(2265, '3239-9da2-6e0e-a0ac'),
(3902, '323a-c1a0-3376-dc1f'),
(3404, '328a-904f-c0d0-f4d4'),
(1786, '32a7-5f95-e692-3f67'),
(2202, '32b0-7154-51c8-91a0'),
(3925, '32b6-a9d3-58b4-e870'),
(2500, '32c8-2e11-4c4e-4a81'),
(2576, '32e5-e20e-1ebe-d410'),
(3198, '3334-2496-74b6-8b85'),
(3418, '3346-735b-6433-ab05'),
(1278, '337c-bc97-076b-2b6a'),
(1105, '33a0-5ecf-ccda-fbf1'),
(2294, '33a1-b174-49a6-b533'),
(3832, '33ac-f596-ed5f-e54b'),
(2291, '33bf-1394-2ce1-5cb4'),
(3840, '33c1-494b-3560-932d'),
(2362, '33c7-4118-4bb0-dd1e'),
(1633, '33cd-59ed-6fa9-1cef'),
(3486, '33d2-4799-2a79-dfec'),
(2074, '33e4-e9b4-abc4-c275'),
(2427, '33f8-aab4-d076-d61e'),
(3411, '3406-4987-c825-85ca'),
(2268, '340e-6747-5614-d1b3'),
(3332, '3441-1c6d-925b-c9d5'),
(1355, '3453-dd62-9e7c-ddce'),
(2275, '3472-b4c9-b506-d3c0'),
(2046, '3478-9e5c-afb7-2c74'),
(1211, '3497-5e9e-56df-53e6'),
(2081, '34a7-2a05-8d19-503e'),
(2584, '34b8-e743-aafd-012a'),
(1194, '34c0-4938-dfa5-575f'),
(2695, '34d2-5318-1c33-e278'),
(2386, '353b-c0f4-0d84-afa2'),
(1408, '353f-fb2d-bfef-581b'),
(1085, '3553-7775-ed55-c926'),
(1201, '3560-1a79-65c4-a49d'),
(2672, '3575-4e25-342c-6736'),
(3604, '359a-567c-0764-da4f'),
(2600, '35bb-9ada-a8df-f711'),
(3614, '35c2-8ad9-48c3-f4b4'),
(1621, '35ef-a2ca-471b-9080'),
(3944, '3601-cb00-40ee-539c'),
(1395, '3635-a138-f7e4-260d'),
(3130, '3636-a4c0-ceac-8f0b'),
(3128, '3636-f6f3-3f3b-bd63'),
(1061, '3654-0fbc-b0f4-dd4a'),
(2699, '36a7-5af6-0e74-71b5'),
(3288, '36a9-f88f-ca2c-f959'),
(2733, '36c5-c4a2-2c13-f015'),
(2684, '36cd-a2d2-ac07-a936'),
(1369, '36ce-d050-70cc-8f68'),
(2280, '36fe-e685-89d6-4f09'),
(1890, '3705-96e2-543a-c1b3'),
(1436, '372a-e4aa-308c-ae8f'),
(3647, '3737-6401-121d-cdd0'),
(3339, '375d-08c3-a98c-b56e'),
(2712, '377f-91b9-360b-73c0'),
(2139, '3783-b67f-2e1d-c412'),
(3682, '37a4-f2f8-8384-7d1c'),
(3720, '37ae-de28-d945-8357'),
(1506, '37b9-d691-4b1b-900f'),
(2689, '37ff-f3a8-b82c-84fe'),
(1417, '381c-0213-4e7c-f4ed'),
(3124, '386d-0cb2-de1b-e097'),
(3144, '3879-f46c-76ea-23b1'),
(3756, '3884-aedf-d728-7522'),
(3146, '3885-7e6b-3048-e9c5'),
(2917, '3899-5032-295d-3b8b'),
(2846, '389e-d0ac-aa34-4741'),
(1213, '38b3-e96b-2b43-1ae4'),
(2539, '38b8-8a63-12e9-7025'),
(2941, '38c0-394d-d931-220d'),
(1260, '38c3-5eea-58d1-9980'),
(2146, '38cb-796a-1e9f-58d7'),
(1341, '38ce-0ceb-38d0-e6ab'),
(2573, '38ce-c7f9-5ab9-bc29'),
(1241, '38e7-81dc-7f13-b21f'),
(1534, '3904-929b-1dea-3e46'),
(2068, '394e-6b8b-584c-be2f'),
(3068, '3952-2e0b-11e7-bf78'),
(3337, '3972-ee44-7f76-b257'),
(1522, '3977-b5e4-53c7-2c29'),
(1782, '397e-2f1d-4a11-1178'),
(3936, '397e-f903-3854-b186'),
(1359, '398d-0e9f-4da4-017a'),
(3596, '399a-6a58-2e06-6463'),
(2916, '39a9-bbc8-1b3f-27fe'),
(1181, '39dd-b9c8-1f3b-20b5'),
(1101, '3a1a-2dae-2033-c9d9'),
(3429, '3a27-1d11-194e-9b8c'),
(3405, '3a2d-7881-e66c-199b'),
(2583, '3a37-dd5d-2545-d24a'),
(2833, '3a3c-35a7-f441-8cf1'),
(2317, '3a3d-6fc7-0886-99ab'),
(1605, '3a6f-c37f-e75a-2940'),
(2753, '3a7e-02d3-da41-44cb'),
(3323, '3a86-7c7f-0759-0662'),
(1206, '3a89-0d37-6b00-b395'),
(3763, '3a91-f705-3293-01d8'),
(2700, '3a99-7e2e-5b22-be4e'),
(1620, '3aad-08ea-d1fc-9435'),
(2765, '3ac1-c0cd-11b2-1559'),
(2723, '3ae3-2331-ddf0-f0f4'),
(2671, '3aef-f469-eda2-bfdf'),
(2284, '3b05-2aa4-44db-460a'),
(2077, '3b2b-924a-4cf3-743d'),
(1869, '3b67-4f92-21c3-1aca'),
(3693, '3b70-2c14-8b1e-a7f7'),
(1594, '3b76-e6dc-a17f-a345'),
(1302, '3bb1-c089-a341-a949'),
(1618, '3bb9-1570-8720-a9ab'),
(3056, '3bc8-4122-7743-4f5a'),
(3431, '3c17-ae77-9514-d1fb'),
(3085, '3c18-d920-9632-43ef'),
(3343, '3c34-d3bf-0680-b073'),
(2644, '3c3d-6936-d9b2-c865'),
(2907, '3c43-801c-9282-74a4'),
(3591, '3c4c-ecf1-524a-1a62'),
(2440, '3c54-a3b2-524e-d1ef'),
(3599, '3c93-caa3-74e5-6d42'),
(1964, '3caf-acae-1101-94f8'),
(3567, '3ce5-099b-2201-2adc'),
(3508, '3d06-4ad1-364b-eeb3'),
(3518, '3d19-250a-3266-1b9b'),
(2527, '3d2a-c2b1-42c9-002f'),
(3259, '3d2e-5a65-dace-1220'),
(1864, '3d44-e898-07f7-d91f'),
(1651, '3d48-96ab-5dfb-6968'),
(2182, '3d4a-7a45-5d5a-e732'),
(3630, '3d61-0976-7244-c329'),
(1921, '3d70-4ffd-28c2-7631'),
(3210, '3d83-ad37-d113-f904'),
(3900, '3dba-1371-a7bb-a487'),
(1416, '3dc6-a609-61b4-8b85'),
(1602, '3def-f77d-ed79-103f'),
(1922, '3df0-2520-c38d-64d5'),
(3654, '3e34-f4a6-4893-78e9'),
(3769, '3e3b-14a8-3bba-f292'),
(2729, '3e78-56ab-0e7a-d597'),
(3398, '3ea2-03d9-5378-d66c'),
(1461, '3eb0-0f2f-dd47-be5d'),
(1399, '3eb6-8842-db72-7f5a'),
(3460, '3ec5-d1f8-06b3-ff2c'),
(2719, '3ed1-9ac8-b125-d30b'),
(3113, '3eff-fed8-2d9c-bb26'),
(2963, '3f1a-f729-02a0-84ee'),
(4024, '3f32-d3a3-6377-afce'),
(1778, '3f41-6daa-e65f-b33e'),
(1680, '3f45-5ef1-f5fe-74c2'),
(2470, '3f54-dcf6-b3f5-989c'),
(1129, '3fa1-6d0a-ac73-a462'),
(3745, '3fa5-fa1f-494f-6bb6'),
(1514, '3fb5-506d-91f9-0879'),
(2649, '3fb6-4460-86e1-e7e7'),
(1780, '3fc9-f184-7537-de96'),
(2486, '3fcf-3682-771d-1379'),
(3934, '3fd7-61a9-ef31-9d12'),
(3403, '3fe8-3f24-1bdd-ce4c'),
(3215, '3fe8-f5ef-8c6a-57ef'),
(2358, '4043-bbe5-f926-de19'),
(3444, '4048-ab64-4705-84c6'),
(3094, '4078-9725-fbee-5667'),
(3119, '40bd-3d25-6999-f709'),
(2134, '410f-3a28-e065-0f51'),
(2079, '410f-4428-ed6d-16e3'),
(3927, '411d-0f94-4e50-480b'),
(1856, '4151-e90e-abae-c910'),
(2553, '415e-5772-516f-7d54'),
(1116, '4171-6730-ca0e-ecfc'),
(1577, '4187-01f3-da31-1118'),
(1184, '418c-6dde-385f-f3e0'),
(2351, '41ae-4681-8f82-dbe1'),
(1210, '41c5-47c3-1547-eca8'),
(1675, '41e4-1752-c7fb-29d0'),
(1637, '420b-2d47-db08-12e5'),
(3967, '420e-5468-c5e7-e552'),
(3076, '4269-560f-d3f6-3db8'),
(2173, '427c-0ad6-8c59-0baf'),
(1229, '4288-bb48-39dc-971d'),
(2250, '42c5-7e03-f2e4-b0c0'),
(2614, '42ff-8b96-6a66-66dc'),
(2162, '4327-bed8-910a-ecec'),
(3331, '4333-af1c-77b2-0af4'),
(1937, '4344-0dbd-b91e-4895'),
(2289, '4353-aaa9-b5d1-65fb'),
(3459, '4379-991a-01de-7268'),
(1969, '4387-93e8-1d10-2b88'),
(1449, '4387-a29f-5196-b431'),
(2468, '4392-e61c-1710-13a6'),
(1100, '439c-ecae-6c8b-87fe'),
(2340, '43c6-ad88-da23-605f'),
(1265, '43ca-d766-856c-001f'),
(2488, '43d9-d9bd-53d7-579d'),
(3244, '43fd-1ff0-ccba-912e'),
(1132, '4405-0917-62ea-c569'),
(3202, '441d-dcb6-238a-9249'),
(2838, '4431-34b8-1a8a-7527'),
(2126, '4439-c66c-0424-8401'),
(2656, '443d-2b17-7272-0f14'),
(3383, '4454-453a-17df-cc6d'),
(2295, '4462-953b-1eca-6140'),
(2547, '44d1-4b7b-bfc6-1399'),
(3483, '44d5-1032-c5a8-96f8'),
(1509, '44de-30df-16e8-c77b'),
(2619, '44f0-7d87-83c7-74d6'),
(3307, '44fb-3d11-1fc6-5d01'),
(2197, '4502-be4f-6f0e-72c7'),
(3425, '4507-3c27-8f73-4b00'),
(3815, '4522-48be-f79c-3ff1'),
(2502, '4525-df82-455a-25f9'),
(3834, '452a-2fe6-a6cf-b8d2'),
(2320, '4536-c783-ca28-3198'),
(3728, '455c-f207-fe85-292c'),
(2325, '4567-6408-5322-867e'),
(1938, '45a6-70eb-9976-3447'),
(2131, '45ac-01be-969f-539f'),
(2052, '45b8-d2f5-aa93-1920'),
(2155, '45be-0cde-29c9-230b'),
(3688, '45f6-c4ee-1748-55a4'),
(1070, '4602-2aea-ffca-a7dd'),
(1884, '460d-28ce-2916-b378'),
(3739, '4633-1790-64b2-5836'),
(1638, '463a-3a3e-67f3-d6e0'),
(1611, '4640-43c7-a607-d7ba'),
(1292, '4640-61e5-fe01-9028'),
(1121, '465a-28b1-9134-cb76'),
(1343, '465f-7d49-a471-7974'),
(3875, '4664-ce77-8582-8184'),
(3660, '466f-5318-ec32-427d'),
(1282, '4687-5fd3-5cf4-9d44'),
(3497, '469c-78d8-d6ee-db5d'),
(2298, '46ab-1a48-320b-7e9e'),
(2725, '46b0-15f2-ca85-3a86'),
(2027, '46ba-9c87-4662-46fe'),
(3676, '46c9-9c51-dd13-5c58'),
(3002, '46d8-aa9b-f9c5-0644'),
(2604, '46e0-c788-47a4-7501'),
(1124, '46f2-5ae4-6e9c-16e7'),
(3540, '46f5-929c-b48a-5926'),
(3417, '4700-36d5-b8ff-a94a'),
(2685, '4737-44c3-7b9f-9f98'),
(3780, '473d-12a0-2b76-1ec5'),
(1112, '4743-debf-bd5e-b0d2'),
(3945, '476e-8796-2845-9071'),
(3290, '4778-fa1d-39d6-bf5a'),
(1738, '4790-49db-eaaa-7556'),
(1797, '4790-e56f-c88d-d9bc'),
(1249, '47a0-68a5-5c7e-135d'),
(2352, '47ac-6e7b-0e55-2266'),
(1887, '47d0-1424-4022-b9c8'),
(1855, '47d0-467d-2ba0-a557'),
(3016, '47d6-60aa-4c1f-eec1'),
(2322, '47d9-e27f-6b4f-5525'),
(3836, '480e-3c12-439b-c83c'),
(3662, '4814-09e4-01be-2fe1'),
(1473, '4825-0997-a126-a013'),
(2918, '483f-dde3-3b80-ee4e'),
(1847, '4843-f246-1b87-2725'),
(3058, '4898-8094-e60b-5470'),
(1474, '489d-ed2d-0686-532f'),
(2354, '489f-6952-9318-306d'),
(1724, '48a6-e892-59c5-39ec'),
(3685, '48e5-f958-0d3d-605b'),
(1501, '48f5-f706-69ef-3261'),
(1708, '490e-4bfb-3fb0-da42'),
(3889, '4914-ca43-fa82-1e30'),
(2318, '4918-7083-7ccb-86f5'),
(2634, '4918-be44-f812-b00d'),
(2574, '4944-aadd-cdfe-1569'),
(1080, '4946-cc78-18c9-dbae'),
(3317, '4956-d121-e5d7-1c18'),
(3532, '4958-c7d2-68fd-8a24'),
(2159, '495a-3f74-c2ba-9744'),
(3807, '4963-4225-1dfa-039e'),
(2555, '4967-ca9e-956c-06b1'),
(1444, '4979-673a-e9c7-8707'),
(3974, '49b4-ddd5-50d0-95fc'),
(3153, '49b6-ddc6-dd95-dd46'),
(2379, '49e4-cd8c-ad12-8caf'),
(1094, '49e5-fb56-9ee6-be9b'),
(2323, '49e7-75cb-0ac0-6fab'),
(3338, '4a16-9541-9333-9610'),
(3384, '4a3d-e6f6-9156-f0ed'),
(3963, '4a49-6b3f-56e9-e695'),
(2005, '4a6e-eb36-e5a2-72a9'),
(3545, '4a83-081d-b734-b94c'),
(3943, '4a8c-764f-d61a-8466'),
(3751, '4a90-b1e4-f567-ee46'),
(2203, '4ac7-8dde-9364-d023'),
(1376, '4aca-ce7b-9cb7-f9e9'),
(1455, '4ae1-88fb-408d-c886'),
(3762, '4af1-c7b8-d53c-100b'),
(3089, '4af8-8410-aa51-edb1'),
(2654, '4b0a-3a60-41e7-b513'),
(1133, '4b14-cac0-f7db-4c8f'),
(3740, '4b5c-9c15-3a3b-a347'),
(3600, '4ba4-203d-ea26-8cd2'),
(1219, '4bb8-f9da-b423-93b3'),
(1590, '4bb9-fcf5-6d9d-a791'),
(2248, '4bff-77f7-34c4-37e4'),
(2809, '4c0f-2f57-0833-9e3b'),
(2797, '4c27-288a-6e1a-d662'),
(3551, '4c2b-e61f-3d69-5af7'),
(2380, '4c66-6122-d967-0d88'),
(3127, '4c69-14dd-4e53-df52'),
(2904, '4c6b-38b4-8c08-677f'),
(3955, '4c7a-cb20-6f1f-450b'),
(2342, '4c86-5e06-c2a1-4efc'),
(1785, '4c8d-3270-9900-4a50'),
(2640, '4c94-0ae8-bd0a-f7cb'),
(1195, '4ca0-2719-c408-793e'),
(3829, '4cb3-b515-d629-20bd'),
(2928, '4cb5-168b-f373-a848'),
(3798, '4cd7-f170-2afd-7eb2'),
(2658, '4cda-fdd9-9ed5-b8a1'),
(3616, '4d1b-5020-f7ee-f020'),
(1440, '4d43-d67e-d192-83f8'),
(3203, '4d48-24b9-88e1-bedc'),
(2840, '4d5a-c805-084e-ccfc'),
(1342, '4d5e-09ab-f32e-4fc7'),
(1224, '4d6b-a6df-028b-cbf3'),
(1356, '4d7b-3e34-6997-c742'),
(2044, '4db1-0440-6878-7378'),
(1511, '4dc6-06be-93c5-6dc7'),
(3367, '4dd4-f5aa-23f8-6121'),
(3192, '4ddd-8243-1a48-d5d7'),
(2626, '4df4-2868-e3a7-e2e7'),
(1801, '4e46-09e8-6f7f-14f9'),
(3887, '4e4f-05c5-61c2-bf00'),
(2493, '4e55-28e5-8e2a-d67b'),
(2942, '4e62-9c8a-85da-84ab'),
(2216, '4e65-71d0-b184-edf3'),
(2900, '4e65-b488-a192-0f34'),
(2082, '4e70-558f-2ce5-0cd9'),
(2536, '4e7f-6488-e225-8e46'),
(1664, '4e80-bef9-d07d-2bdc'),
(2042, '4e81-7e09-ed59-67e2'),
(2848, '4e9a-cf38-0f57-b9a1'),
(3535, '4ebd-b333-4fa7-0d7c'),
(3664, '4ed0-a894-ee46-c3f5'),
(3359, '4f0a-9376-0d6b-ab68'),
(2552, '4f29-1e8c-bb30-605a'),
(3251, '4f2d-2649-8a37-ff27'),
(3365, '4f35-0bd7-f662-8d16'),
(1400, '4f49-12c5-c827-d4b6'),
(3969, '4f65-fed2-e952-8ce4'),
(2650, '4f8e-d5e8-cd47-ca8e'),
(3970, '4f93-e375-f9fe-1191'),
(2577, '4f98-8c75-e86d-64df'),
(3801, '4fb7-6e0d-dde2-268e'),
(3853, '4fb8-c2aa-a610-91b4'),
(2538, '4fc1-06b7-d9a6-2f99'),
(1844, '4fc5-16c4-3c6d-0cf1'),
(2704, '4fc6-c0ff-a984-03e2'),
(1912, '4fcb-3a7a-b7c2-32ca'),
(2734, '4fd5-f073-a267-685d'),
(1536, '4fe5-3faf-4b28-9515'),
(3321, '500b-4776-4dc3-9073'),
(3898, '501d-2ff7-2f0e-d1d4'),
(2814, '501e-9066-af6a-1b57'),
(3550, '5027-051a-1fbb-7423'),
(3817, '5027-95ef-c73f-142a'),
(3992, '502c-48da-51a0-20b4'),
(1929, '5052-9680-577a-3865'),
(2382, '5066-8fb5-8fae-01b1'),
(1532, '5090-cae5-cce0-647d'),
(3361, '50a0-2b53-4b8e-8ad3'),
(1903, '50e7-8497-1924-5061'),
(2359, '50fa-19a8-16c0-0ceb'),
(2655, '5103-e236-0942-fe8f'),
(2166, '5122-e06f-f452-3864'),
(2878, '5144-5686-0a4f-1aab'),
(3704, '5154-9af6-546c-0dc3'),
(2179, '5166-73c3-b05d-e8f2'),
(2124, '5169-a87a-efff-bda0'),
(1389, '5178-0998-3975-60b3'),
(3781, '5197-3726-716b-7136'),
(1271, '51a2-285d-9af5-8bf3'),
(1479, '51a3-bb8b-d8a1-0a20'),
(2826, '51c8-01ef-1637-f59c'),
(3479, '51d9-41a6-351c-c76e'),
(3555, '51fe-23c8-94c1-f599'),
(3207, '5209-07c7-e585-7339'),
(1375, '523a-1c9a-2559-4ff9'),
(3385, '524d-ed52-752b-fd58'),
(3572, '524f-8279-26fa-ac00'),
(3466, '527a-fce8-d2c9-116b'),
(2271, '5297-ae6d-0b3e-85e7'),
(2254, '52a8-9ef7-4d63-5db3'),
(3526, '52b8-2b93-ffdf-747f'),
(2209, '52c2-2483-d6e4-d061'),
(3326, '52ce-a1fa-8c04-df0a'),
(3005, '52e5-eeb3-c505-273a'),
(1746, '52eb-b5af-7bb3-8a40'),
(2720, '5303-2f9e-5ea5-23de'),
(1817, '534a-a68f-e9ad-d8e1'),
(3097, '5372-eaf3-8f0f-7582'),
(3233, '537f-c376-c33d-4084'),
(3093, '5383-8ffb-ebbd-ec13'),
(2349, '5391-7a9b-f52d-8620'),
(1200, '5395-5509-d1c1-8f96'),
(1056, '53a8-fc40-56d4-a139'),
(3347, '53b1-24a2-5bd1-e08c'),
(2462, '53b3-59ce-9e8e-967d'),
(1950, '53b4-9420-e109-f796'),
(3158, '53e1-198c-c68f-b876'),
(3272, '53ef-42b5-03fc-9e20'),
(1901, '53f5-7f23-a72a-dbad'),
(2158, '53f6-a96b-5cdc-c1f0'),
(2270, '53fe-a7c6-bc92-d663'),
(3950, '5405-4963-e558-eb11'),
(2808, '5419-3a86-3443-28f0'),
(3697, '5430-c4b4-4856-0ca4'),
(4040, '543b-0bfa-f885-1af9'),
(2285, '5444-a379-6b87-c767'),
(1560, '5448-2d9c-69d3-1bf2'),
(1371, '5452-54e4-4be7-8186'),
(1454, '546c-b293-c2b6-30ec'),
(3269, '5476-efcb-b356-9a36'),
(1833, '5483-0595-b65c-c94d'),
(1322, '54b9-f7f7-bb69-ee33'),
(3426, '54ce-32ae-6070-d916'),
(3297, '54dc-0f0a-da8a-8e6b'),
(3637, '54dc-7211-a3b7-06af'),
(1692, '54e1-dfc2-5bfc-189c'),
(3432, '54f5-0672-a426-9c72'),
(3449, '54f5-5edb-dc9b-70fc'),
(3183, '54fe-9249-16bd-4760'),
(1451, '5516-e8b1-84a1-1863'),
(1657, '5529-f094-ca04-800d'),
(3835, '553e-a699-ceea-5241'),
(3328, '556d-fdb3-6530-2b0b'),
(1250, '5577-6544-1b83-0195'),
(2328, '5587-b212-9ab3-34c2'),
(2622, '55a7-be04-103e-c748'),
(3373, '55b8-f072-8f08-8bbe'),
(3190, '55bb-981b-3f0a-f31f'),
(1062, '55f9-95c6-1597-42d6'),
(3032, '5604-c75c-20b2-be3e'),
(1279, '5610-6610-1044-070b'),
(2682, '562e-de4d-cbd7-4e41'),
(3230, '5641-dfcc-12ef-5932'),
(1471, '5654-4c6c-d60b-8758'),
(2984, '565b-6f47-55d1-fe52'),
(2946, '568b-9eb3-628b-79a5'),
(3507, '5698-7bfe-de57-73d1'),
(2698, '56b0-3ac3-a592-0102'),
(3825, '56c6-a254-163c-3d7f'),
(4034, '570d-1806-a010-359c'),
(2347, '5717-6d9e-6d40-5882'),
(1894, '571b-a901-2a3e-2898'),
(1974, '5735-7ab5-09e1-06d6'),
(3088, '5736-dda1-eaae-053a'),
(2390, '573a-0540-e421-f71c'),
(1165, '576b-1234-5cc6-2f0d'),
(3578, '5784-acef-251d-dbfe'),
(1846, '57a0-1da9-4304-9260'),
(2072, '57a4-9df6-b591-300a'),
(2728, '57e9-3879-d301-408a'),
(3611, '57f5-1e82-1ceb-402f'),
(1108, '57f5-ae01-a8ef-a1b3'),
(3768, '5831-9097-327d-a058'),
(3099, '5833-19fb-63c6-3ad0'),
(4019, '5834-33a0-8f4a-63aa'),
(3547, '5865-e8a7-eede-4c90'),
(1091, '586b-319c-f66b-b44c'),
(1321, '5878-09f1-d954-473d'),
(1726, '587d-8eb2-536d-ac3f'),
(2892, '5880-be08-1132-8ab2'),
(1434, '5884-567e-79bf-3e44'),
(1122, '5891-a32b-cdf4-2186'),
(1962, '58b4-ac97-12dc-a606'),
(2417, '58b6-def9-0878-f01d'),
(2926, '58bb-88a1-b9b9-8335'),
(1783, '58bf-cd5a-f509-baff'),
(3561, '58c0-dafa-87b6-8420'),
(2841, '58de-6a1c-ebdf-0bd9'),
(3318, '58de-8b82-775e-6242'),
(1084, '58f9-7eb4-3830-3360'),
(2873, '5904-9f7d-dff8-d8ac'),
(1539, '5920-3048-ace8-f966'),
(1475, '5969-108f-7d56-2ecd'),
(3453, '5976-ceb4-8c53-b693'),
(1725, '59aa-68df-677b-f9c7'),
(1851, '59b1-4af2-7021-68c6'),
(3741, '59f9-5325-4750-de94'),
(3622, '5a05-b989-9e97-944b'),
(2945, '5a06-0ba4-1167-03e6'),
(2073, '5a0c-cf73-04c7-7371'),
(1923, '5a2e-87e4-7be6-8d7c'),
(2947, '5a5c-5266-8e32-62ee'),
(2635, '5a68-3d7d-9e01-2de4'),
(3309, '5a9a-dabe-0c80-74dd'),
(3971, '5ad3-ee44-8b57-bf71'),
(1526, '5ad6-9642-3116-8ef3'),
(3182, '5af5-74c0-0d7d-ba8e'),
(2637, '5b16-2992-243b-bd67'),
(3653, '5b42-b66a-7b0b-bbd6'),
(2093, '5b55-9c6a-995b-fbe9'),
(3649, '5b62-78e9-3660-9c82'),
(2721, '5b6b-f7ac-b185-0b5f'),
(3663, '5b73-e3ef-f6dc-3554'),
(2496, '5b75-a958-5740-a39c'),
(1480, '5ba7-6542-df03-7d11'),
(2893, '5bae-da95-c313-81cd'),
(2844, '5bb1-16f4-b3cb-d303'),
(2652, '5bc2-c757-7cfb-5e1c'),
(4001, '5bcf-f1c7-2015-0125'),
(1963, '5bd3-3b9f-81e6-49ae'),
(2738, '5bd6-0fdf-036c-091b'),
(1314, '5bdf-590e-dfad-4d2a'),
(1992, '5c27-a8f8-aeef-7d6f'),
(2039, '5c30-9456-bf9d-83b0'),
(2279, '5c34-14b4-aeef-41b0'),
(4018, '5c41-9978-6bf5-38a9'),
(1640, '5c6a-c990-fb6a-3af6'),
(2276, '5cb4-09c4-aca3-4521'),
(2585, '5cd0-c651-7626-f5bf'),
(2832, '5cdf-922d-74f0-1e65'),
(1762, '5cf2-3bbd-5a66-b3f9'),
(3419, '5d08-aa38-de78-a594'),
(1550, '5d2a-387c-3fb3-4337'),
(3330, '5d3b-23e8-e65d-5b1b'),
(1117, '5d5c-fec6-173f-6203'),
(1858, '5d75-0db6-4e7d-4e0c'),
(2239, '5d90-ee27-1305-f102'),
(1187, '5d97-ffd6-3e84-6707'),
(1810, '5e0b-feed-e860-8fca'),
(1202, '5e1e-285a-dc93-e6e3'),
(3982, '5e30-d323-e6d1-baca'),
(1694, '5e55-c530-21da-a83d'),
(1255, '5e72-4d5f-47c6-b09d'),
(2822, '5e8f-f5ad-1134-3262'),
(3864, '5e95-e3d2-7d86-9820'),
(3730, '5eb6-0506-d057-7c59'),
(3397, '5ed5-b11b-1a56-07e5'),
(1706, '5edd-7a63-fd31-ae52'),
(1574, '5ef5-2f71-5e71-f2f7'),
(3687, '5efc-8059-73cb-dac9'),
(2739, '5f05-a70c-0562-7864'),
(2940, '5f0c-e120-1d3f-0bff'),
(1615, '5f21-05f5-b320-f466'),
(1793, '5f24-8218-54a2-1a05'),
(1459, '5f29-9c44-3907-55a2'),
(1272, '5f38-f9a7-33f8-efef'),
(1626, '5f67-8a61-d3d6-f2b4'),
(3513, '5f74-b57f-6cf1-2d42'),
(3310, '5f7b-cce8-7379-fb7e'),
(2485, '5f80-12db-c21b-981a'),
(1997, '5fd6-8650-5474-d35e'),
(2337, '5fe0-ba33-426f-659a'),
(1075, '5fe5-7ad0-66d2-3a57'),
(3476, '5fe5-bbb1-4252-0a34'),
(1623, '5fe6-502f-1add-8ac6'),
(1587, '600e-726f-473c-9af6'),
(1523, '6021-02b0-cd70-56a6'),
(1266, '6021-777d-4cf2-c72c'),
(1363, '6023-c4ac-140a-d576'),
(3168, '6084-746e-c62e-9e0e'),
(2363, '6096-514f-19ab-a2d8'),
(2517, '609c-743e-feb7-6095'),
(1493, '609e-2d5b-776a-d637'),
(1470, '60e0-2497-3aaf-93a2'),
(2954, '6100-b306-b5b5-0365'),
(3503, '611e-cb64-2ef5-0bd5'),
(1756, '6130-af77-285c-cf09'),
(2455, '6160-0412-4168-981d'),
(2998, '6170-039f-0f6d-b779'),
(3445, '6177-0405-f022-ed3f'),
(1120, '618a-e14b-ff8f-6e9d'),
(1541, '618e-d20e-b5ea-47cb'),
(3123, '61ba-a819-b0b3-92cb'),
(3040, '61c4-b2f6-0c0c-e219'),
(1610, '61e8-c01a-84a5-cbd2'),
(1527, '6205-9fa0-9eeb-f3ba'),
(3932, '6236-e08a-8a43-2974'),
(2995, '624f-f065-d32b-205a'),
(2489, '626a-e02a-d5ff-1b4a'),
(1438, '626b-148e-fb0a-3992'),
(1753, '627c-2d96-0d8c-9275'),
(2943, '6281-7fbd-e8d5-e2c1'),
(1895, '6283-99b2-90a8-5dcb'),
(1900, '62a1-aec0-abc9-3709'),
(1945, '62a3-0c9e-d7d9-68c9'),
(1946, '62a4-651d-669b-41da'),
(2402, '62a8-7f67-a6dd-b8fb'),
(2054, '62ee-4618-2f98-cbb3'),
(1491, '62fa-01a4-fa20-d410'),
(2983, '6303-d987-0731-5abf'),
(3822, '6324-7033-a79c-cf1f'),
(1467, '634e-1856-ee04-c7e3'),
(1784, '635f-a469-10f7-4da6'),
(2278, '6366-65ac-0ec3-b0c9'),
(3961, '636a-fcf2-42e1-c671'),
(2675, '637b-615a-f23a-30a3'),
(1203, '63b4-a36f-15ca-6ba5'),
(2662, '63c9-b8cd-0983-b877'),
(1883, '63cb-8a48-f7a1-f387'),
(3584, '63cc-b7fe-2d5e-d54d'),
(3100, '63da-54e7-7491-bfc9'),
(4007, '63ec-329c-7b1a-ca8a'),
(2172, '6410-a5c6-3af0-91d9'),
(3702, '6412-57a5-5a99-ca21'),
(1955, '6419-c2a0-944e-b8f8'),
(3543, '642d-f589-aaf7-1b3e'),
(3037, '644e-46f0-07e3-160a'),
(3428, '6482-dc21-a151-91cb'),
(3147, '64a8-64ab-ea12-9166'),
(2001, '64ad-157d-6b9a-d581'),
(1214, '64ad-f273-b95b-f8a4'),
(1354, '64b6-fba1-dfe0-b674'),
(2135, '64ba-9ce1-fced-0476'),
(1982, '64c9-9319-7a67-89e2'),
(3981, '64d3-9999-1924-0b86'),
(1403, '64fa-c5b0-797f-29be'),
(3379, '652b-94cb-5427-edf5'),
(3557, '6530-d888-c448-d744'),
(3248, '6536-7f7b-6c07-a4d0'),
(2140, '6567-66a1-09f5-faeb'),
(2911, '657a-6a6e-7a85-d137'),
(1886, '6584-59ef-2fb5-4eff'),
(3314, '6589-2cec-0c73-3bdf'),
(1628, '658d-68da-3f27-b71f'),
(3055, '658e-fa8f-66df-b45e'),
(1589, '6595-0a52-0964-54cb'),
(1961, '65ba-3d49-40da-6496'),
(3658, '65c3-c246-7e48-85b7'),
(2780, '65d8-a896-b9e8-cd64'),
(3842, '65da-e352-a258-0545'),
(2906, '6629-d7f7-da58-3022'),
(3913, '6630-160f-4e4a-462f'),
(2789, '664f-bb4d-fd84-29f9'),
(1918, '6654-5d09-636d-9c01'),
(2164, '668f-642c-3299-53dc'),
(1472, '66c6-8279-059d-bcfc'),
(3008, '66f1-b01e-8ec2-dd94'),
(2290, '66f2-09b3-77f3-ccce'),
(2910, '66fd-3cb0-603f-dbc8'),
(2277, '670e-be35-78a4-10ce'),
(1199, '6714-2a74-bb04-445b'),
(1819, '6739-5bce-f97e-7dc2'),
(2680, '6739-e1a5-33e8-7c77'),
(3073, '673d-6ccd-a6f1-e64a'),
(2148, '6742-fa77-eedb-42eb'),
(1548, '675a-04e3-803b-f2c7'),
(3564, '677c-7b58-55c2-cebb'),
(2572, '6783-5448-cbe7-48cb'),
(2167, '6786-4c1b-7055-04fe'),
(2029, '679b-1196-6044-48ac'),
(2012, '679d-933e-9a40-824f'),
(3264, '67bc-011a-956a-2482'),
(3885, '67c8-2c8b-39ea-1202'),
(1424, '67c9-75ce-2b94-fb90'),
(2956, '67df-e3e0-7a42-ce5b'),
(3859, '680d-025c-7e1c-9bb8'),
(3726, '6818-8504-5a1f-dd9b'),
(2711, '6836-4359-78f6-132a'),
(3110, '6850-9a67-f316-77a6'),
(1652, '686b-dc75-4917-1141'),
(3295, '686d-ad4a-3b6d-3afe'),
(2740, '68a8-0e01-1553-ad01'),
(2601, '68aa-d0ca-b6a4-753d'),
(2407, '68bf-e4e4-9655-d862'),
(1944, '68c8-5f5d-3d9f-5f15'),
(3789, '68cb-6c45-d596-74fd'),
(1913, '68d5-c64c-1a2b-1756'),
(3964, '68fc-4209-8ead-fab0'),
(1494, '68fc-68e5-cb63-e16b'),
(1276, '6911-1d7f-84a0-1bbf'),
(3994, '6939-4a2c-2dfc-154f'),
(3327, '693a-b43e-7a8e-387d'),
(2224, '6954-ce63-de35-b2ba'),
(1329, '6957-bfcc-9fde-0974'),
(1777, '696b-3c4d-07a8-32bc'),
(2881, '699a-437c-848a-7b64'),
(2823, '69a2-0344-01bd-aebb'),
(3537, '69b0-2288-2451-5d5c'),
(1281, '69b7-ffc2-9921-74c4'),
(2170, '69df-0a85-cc2b-0465'),
(1172, '69e2-43ff-c740-6967'),
(2758, '69f1-b8d2-4bb4-db9a'),
(1358, '69f5-fd50-5459-b940'),
(2246, '6a15-d5ea-9bbd-d551'),
(1059, '6a1b-d28e-9eff-651d'),
(3074, '6a24-c5ac-e922-fdb2'),
(2664, '6a5b-694e-5173-089a'),
(2648, '6a7c-9d63-aeab-a10c'),
(2598, '6a82-1585-2676-e998'),
(3907, '6a82-3870-eb9a-ebef'),
(1140, '6a83-0b9c-e67f-c161'),
(2457, '6a98-f4dd-8d96-d531'),
(3276, '6a9b-59d3-de29-3ecd'),
(1490, '6ac0-7d62-467d-cc73'),
(2381, '6acb-3664-6758-4381'),
(1774, '6af1-8c5f-2472-004a'),
(3803, '6b0e-efd8-065e-7c6d'),
(3063, '6b23-77aa-7ea8-55a1'),
(3216, '6b40-51a9-ca27-468d'),
(3985, '6b4f-35b6-929e-ffa5'),
(1557, '6b5f-279c-67b2-9d33'),
(3304, '6b7b-50f7-8126-0c93'),
(2123, '6b83-cf18-d875-3f0c'),
(3904, '6b97-ebb5-870d-2412'),
(3122, '6b9a-f068-7ec9-cbaa'),
(3306, '6baa-de14-39fe-2e42'),
(1798, '6bc7-e4f7-df5c-cf9f'),
(4038, '6c11-e276-d29f-548c'),
(1351, '6c24-aa50-35b6-d48c'),
(2201, '6c31-2b45-b8c3-3343'),
(1103, '6c4c-ffc7-e341-05af'),
(3570, '6c66-3001-8453-dba2'),
(1326, '6c74-b865-fe05-32df'),
(3095, '6c7e-ea98-318c-c1e5'),
(3657, '6c82-9712-6312-f918'),
(3747, '6c8a-917b-0ec7-15f6'),
(1729, '6c93-3adb-e383-ca9a'),
(3389, '6ca7-a05d-d860-3938'),
(3796, '6cc9-34b1-06e0-0800'),
(2059, '6ce5-c13e-a820-4639'),
(3044, '6cf9-7c27-726e-5742'),
(2742, '6d12-1609-f90e-831e'),
(2548, '6d30-6aef-1d38-e830'),
(3563, '6d47-22a4-c3c6-b258'),
(2105, '6d89-1cb3-6d35-d04e'),
(2558, '6db5-d5b8-f391-8f1a'),
(3748, '6dbb-f759-d1a1-f1af'),
(3805, '6dc4-57ea-a684-1e4c'),
(1176, '6dc5-0f12-4d1e-0c6d'),
(3324, '6dc9-0b0f-04eb-fb81'),
(3690, '6de5-eda8-ac07-c66d'),
(1936, '6def-f0e3-57cf-7793'),
(3222, '6df1-2e44-8287-2c84'),
(2504, '6e00-c9f6-c4b3-6f0f'),
(2378, '6e25-851d-48f0-3b83'),
(2935, '6e45-2ff1-b075-f96d'),
(2958, '6e50-7df3-b8b7-8b6a'),
(1984, '6e64-28a5-a3ce-4738'),
(1875, '6e69-d56f-f3c3-1fc2'),
(2537, '6e74-43d2-a438-2d49'),
(3413, '6e80-da95-abc7-0b23'),
(1653, '6e85-af9b-088d-8cda'),
(2211, '6ea6-9348-8fea-2fd5'),
(4017, '6ed9-ebdd-5055-725d'),
(2924, '6f1e-3235-72da-e06c'),
(3643, '6f28-7ebe-32b0-423a'),
(2412, '6f31-ad75-0bd0-1a7e'),
(2360, '6f4d-4ca8-e79f-6c03'),
(1303, '6f6f-d394-d8af-f946'),
(3635, '6f75-7b57-dbe3-27bd'),
(3764, '6f84-e315-490a-98f4'),
(3275, '6fb0-8220-7943-e351'),
(2562, '6fd2-b4c4-6226-d47f'),
(3160, '6fdf-b99a-ed7a-28cb'),
(1430, '6fe4-cd0f-f9b2-00a0'),
(3640, '7012-974f-a4cc-1295'),
(1450, '7021-34ac-fb30-1b3f'),
(3265, '7042-cd7e-0524-b8a9'),
(3869, '7046-3f8c-078e-293a'),
(2959, '7061-8395-ac30-87d7'),
(3042, '7065-5c02-8dc1-bfea'),
(4022, '7073-6cab-4199-a334'),
(2408, '7083-3bc8-ea01-6f7e'),
(1836, '70b9-22d8-793e-23ad'),
(3589, '70bb-bbbc-7abc-de62'),
(3957, '70dc-88b9-6db0-5e4f'),
(2344, '70ed-d2b4-2c19-14c0'),
(1360, '70f1-bf28-0c00-533f'),
(4036, '70fa-76f2-86c6-d505'),
(1441, '7113-2efb-9824-419a'),
(3824, '712e-8dc4-39f5-f500'),
(1723, '7154-47a4-34f6-5206'),
(2471, '716d-0e41-7a46-b159'),
(1966, '7182-a306-1761-ae3b'),
(3358, '71a0-e57e-3f68-1833'),
(2828, '71b2-fd16-d38a-3e01'),
(1073, '71d3-aa5a-9b2d-f6ba'),
(1500, '71fd-5e62-730b-b6c4'),
(2763, '720b-e7ce-77b3-4e5f'),
(2313, '7235-827e-426f-05b8'),
(1636, '723c-4ed3-c0fb-e88f'),
(1693, '724c-1bde-e8c8-6242'),
(2778, '7254-cb40-80f9-2c06'),
(3849, '7261-a405-13cd-25f2'),
(2854, '729b-8d36-d86d-e66f'),
(2023, '72a5-ff8f-fe25-b444'),
(1795, '72af-6a80-6e02-8104'),
(2707, '72b3-cd6c-20b3-1795'),
(2550, '7315-e414-a3c1-a124'),
(3767, '7345-5305-38b7-a0e1'),
(1248, '734b-25d2-f755-3aec'),
(2771, '738d-9715-ac08-6fbc'),
(2356, '739e-6215-2f84-193b'),
(3541, '73ba-f1c3-1986-90ba'),
(3996, '73bf-3d03-1e7e-3f27'),
(1776, '73cb-e63b-6d81-b77a'),
(2315, '73da-2171-0177-cbc7'),
(3241, '73e4-9b26-9449-0510'),
(2716, '741d-1be7-885a-a199'),
(1099, '741f-d83f-636f-97b7'),
(3529, '7428-f6a5-28df-eb77'),
(3930, '7429-7d0b-d662-1ce4'),
(3377, '742c-fd84-d4a7-f097'),
(1115, '743d-abde-78e8-e981'),
(2668, '7445-c284-600c-98bd'),
(2565, '744a-6d15-84fa-97bc'),
(2643, '744b-5bc9-8637-6b6e'),
(3884, '744b-d9b9-6914-7b9c'),
(2667, '7450-525d-f762-ceec'),
(3084, '7452-9d49-a0ea-ec17'),
(3512, '7462-11e1-9bf1-1217'),
(1897, '7462-b37e-2d82-e44b'),
(3187, '7467-87b6-9516-fa8d'),
(4002, '7482-80d1-3a83-8492'),
(1331, '74fd-7fa7-2e81-f5d2'),
(2564, '750a-f212-85e0-303c'),
(3701, '7515-19a2-c23a-ffd2'),
(1816, '751b-773f-89f7-3388'),
(2663, '7520-6cb2-b95e-536d'),
(3427, '752f-5c9f-5cf6-e2ac'),
(1141, '7552-4ba5-f23c-d349'),
(2982, '7560-2d08-e932-6c69'),
(3556, '7564-8fe1-1914-08f7'),
(2772, '7594-224b-73ef-a7ed'),
(1370, '75a5-1f73-f781-ff7d'),
(2483, '75c5-3ef7-a958-0aed'),
(2638, '75c8-cc38-089e-81db'),
(1755, '75c9-e873-3456-1b45'),
(1661, '75d2-e195-58c3-2555'),
(3480, '75eb-8855-11a5-5bd3'),
(1427, '7606-969a-9b9a-38e8'),
(1365, '760c-3bce-7885-dc5b'),
(2308, '7610-f449-2ba1-2226'),
(1981, '762a-abc0-178b-dfe1'),
(1852, '7645-226e-4132-4168'),
(1915, '7663-51f9-139d-6b5a'),
(1607, '7665-d166-59dd-1c27'),
(2231, '766b-d756-0cfe-d05b'),
(2834, '7680-9344-6c2d-f274'),
(1990, '7688-93bc-9f72-c7aa'),
(1458, '7689-25d8-8e75-e014'),
(3442, '7690-1533-235f-6842'),
(2976, '76d6-8168-b6a1-46a0'),
(2350, '76e2-4365-d799-57af'),
(2089, '76e8-426e-1a20-09b8'),
(3325, '76ee-82b2-a75e-7f22'),
(2193, '76f0-858b-203e-2dab'),
(1388, '76fa-4bb9-66ab-8039'),
(2541, '7701-ae91-8e94-6809'),
(1877, '7726-9204-ad7a-5276'),
(3638, '773e-9dd1-3232-0a38'),
(2813, '773f-3faa-98ce-1483'),
(1873, '7746-ea3c-e26c-c106'),
(3872, '77b8-cd15-0b95-910e'),
(2178, '77bd-414a-fa28-3141'),
(3621, '77c0-3848-ea96-d41d'),
(3886, '77c4-e116-0a45-5b74'),
(3139, '77c6-ec02-9cf5-4701'),
(2912, '77e4-1604-b9b2-1e59'),
(1145, '77f0-4e66-2507-4bfc'),
(2978, '7806-7a20-79f5-8b99'),
(2190, '7831-0541-ee06-d4b4'),
(1390, '784b-9b26-8785-100f'),
(2272, '7864-b98f-7f63-994b'),
(3106, '786b-d04b-38c9-7d9d'),
(3560, '787d-3527-2fc8-88ca'),
(3923, '787e-8ee1-c7b3-79bd'),
(3059, '789d-fa2e-d9bc-5f96'),
(3534, '790b-f6e4-946f-38c9'),
(3893, '791c-3665-492a-e02f'),
(1340, '792e-0500-bdc7-45db'),
(1347, '7930-bb59-a1b2-bcd4'),
(1711, '7941-dbaf-422c-361c'),
(1648, '7952-a0d3-c8a1-bd7c'),
(2311, '7983-ea6f-9802-67f0'),
(3609, '7994-d59f-fd0c-13a5'),
(3979, '7996-043e-fea1-445b'),
(3528, '79b6-4dd3-6468-26a2'),
(3400, '79cf-205e-1c67-52b3'),
(2610, '79d4-dbe0-e6a8-b5b8'),
(2365, '79eb-beef-a09e-c692'),
(1812, '79f5-534d-fe69-9064'),
(2369, '7a33-24db-6d33-848a'),
(2646, '7a40-d1b2-ffa5-3cda'),
(2888, '7a4d-1db2-ade9-66e3'),
(1542, '7a96-91ce-7075-7846'),
(3083, '7ac6-7c20-d579-9636'),
(2599, '7b03-8d8e-46b4-3f92'),
(3811, '7b05-e76f-2935-2748'),
(3463, '7b08-cc35-ff5f-bf4a'),
(3156, '7b22-4a3c-dcfc-b640'),
(1057, '7b2e-30fe-2b4d-927e'),
(2376, '7b3e-8436-6a54-e381'),
(3496, '7b44-c606-b9f6-e8b0'),
(3341, '7b5f-157c-60c8-7d18'),
(2442, '7b68-3abf-1a70-7db9'),
(1930, '7b7e-f4f9-5db1-7d03'),
(2883, '7b8d-386f-8687-ba9d'),
(2948, '7b8f-7d7a-3c3a-a01c'),
(3351, '7b97-f8df-f767-0814'),
(2788, '7bc3-6f70-5837-12a6'),
(3491, '7bc9-c562-b49d-84f0'),
(2633, '7bd6-2a87-f73d-2205'),
(2463, '7bf3-c452-c84f-5c55'),
(1835, '7bf4-f98d-2b0b-0314'),
(1290, '7bf7-6f68-6a9b-0d30'),
(2528, '7c1e-8022-ff18-fbbd'),
(3258, '7c2c-64e2-29a8-d37f'),
(3368, '7c34-d60f-6943-b591'),
(1421, '7c3c-27d1-6a85-ba1e'),
(1547, '7c55-17e5-0359-5b2b'),
(1510, '7c5f-7d1b-433f-c475'),
(3238, '7cc3-e4f9-8e0d-4a21'),
(2404, '7cd4-6a26-6354-65dc'),
(1339, '7cd5-bbb9-bd49-0701'),
(1769, '7cd6-addb-80df-84fa'),
(3399, '7cfa-93fd-212b-3918'),
(1305, '7cfe-d886-ed01-e885'),
(2609, '7d11-64e3-b918-6a41'),
(1571, '7d1e-73ee-9c98-43a3'),
(1719, '7d44-73d5-6475-d7a6'),
(3737, '7d45-c6a3-d781-fad2'),
(1868, '7d59-2449-e271-d70e'),
(1238, '7d5e-c5c5-1d8a-e345'),
(3615, '7d67-1efd-0971-914b'),
(2736, '7d71-297c-e73a-4c83'),
(2937, '7db9-3bf6-9b66-eabe'),
(3501, '7dcf-861e-e784-ec95'),
(2013, '7dee-0753-bf44-0615'),
(2825, '7e0b-d467-731b-d28f'),
(1720, '7e1c-ac9f-be6b-72d8'),
(1320, '7e55-141c-91bb-9ed8'),
(3788, '7e66-b852-6872-50b2'),
(2606, '7e6f-9085-f2d0-fb6b'),
(1555, '7e6f-9598-f058-e6e2'),
(1452, '7e7f-02bb-919f-fb74'),
(3624, '7e89-73d0-059b-2c20'),
(3433, '7e95-a157-6665-4ce0'),
(1090, '7ea2-53d1-3b8e-7e72'),
(2230, '7ec2-309f-c573-adc2'),
(1488, '7f00-fa68-3074-4e17'),
(2830, '7f05-240b-a626-39d5'),
(2759, '7f1a-6b02-1b56-4ba8'),
(3533, '7f2a-c280-4c44-9d81'),
(2645, '7f34-0623-1485-e701'),
(1175, '7f3c-be70-62ac-b714'),
(3795, '7f49-3a84-6ab1-29d6'),
(2674, '7f4d-c257-45a4-537f'),
(2335, '7f54-050c-f223-3411'),
(1435, '7f5f-bca9-f444-a6a0'),
(3401, '7f6f-b102-e8a0-4eba'),
(2851, '7fe1-feab-24ed-2d7f'),
(2395, '7fec-d8ae-642b-b1cd'),
(2503, '7ff7-0e0c-4f55-46af'),
(3903, '8001-b784-f2ed-dec5'),
(1764, '801b-8dc6-566e-5033'),
(3420, '8028-6ee2-8660-8181'),
(1208, '804f-af99-dd19-4f4e'),
(1134, '805d-af59-e092-f58e'),
(1464, '8071-2c0e-8b48-f8ee'),
(3157, '807c-d3cd-6263-3fc8'),
(3519, '808f-1b69-924c-38df'),
(1865, '8091-919b-f52d-e99f'),
(3779, '80d7-849f-3190-7be7'),
(2568, '80e9-8cc3-ab0a-ec8f'),
(3757, '80fb-e68f-0fdb-8085'),
(1087, '811f-f7c8-8366-c0b1'),
(3531, '813a-cab1-0c31-7520'),
(2062, '814a-47d8-8609-76bb'),
(2147, '8171-1ab1-be07-cc49'),
(1681, '8186-03a3-33d0-cf66'),
(2593, '81b7-9074-9759-23c4'),
(2312, '81d8-eea2-74b5-6db6'),
(1288, '81df-fb13-e3d4-4a1e'),
(1840, '81e5-05c8-0dc4-c5bf'),
(2690, '81ed-b424-543f-7aff'),
(2807, '81ef-364b-301c-46cd'),
(3579, '820f-b62e-a945-0d17'),
(2145, '821b-43de-8e05-2d78'),
(1658, '8235-9b64-62f4-20fb'),
(3469, '8239-277c-32b6-06f6'),
(3035, '823d-3f5a-be5b-20c0'),
(2865, '8240-9541-6bad-1f00'),
(2641, '824f-7156-4801-22d1'),
(3754, '825c-6fb4-d9c7-0989'),
(1069, '8269-782d-636b-e4c6'),
(3843, '826f-357e-adf4-a51b'),
(4010, '82b7-1cac-444b-a2fe'),
(3464, '82ba-f9cf-252a-e232'),
(1682, '82d0-8dc9-f370-52c9'),
(2064, '82d7-4157-24bf-2311'),
(1911, '82fa-f938-33e4-56d9'),
(2676, '831f-c635-b2d7-1b06'),
(1179, '833e-a09c-6bbe-86a0'),
(3574, '834c-1903-80c0-ffea'),
(3015, '8354-3269-cc56-0ca5'),
(1679, '835a-17ef-1783-be7c'),
(1684, '835f-0eac-3234-bff0'),
(2968, '8399-83d1-f0df-9ae2'),
(1978, '839e-d1a4-715a-58e5'),
(2545, '83b7-3ad6-9427-5eb5'),
(3019, '83c2-aeed-9a97-8a37'),
(2045, '83c7-a04d-313a-6a6d'),
(3910, '83e4-6ebf-1a58-9867'),
(3454, '8426-3f96-d79e-aac3'),
(2387, '843f-c62d-a111-243f'),
(2864, '8457-e62b-d3d1-3fe2'),
(3794, '8458-f767-b589-c072'),
(2061, '8462-b781-f7ed-fa27'),
(1264, '846a-e29d-46db-7faa'),
(2587, '847b-947d-5937-aeb1'),
(1597, '848b-d74c-e46f-c483'),
(2321, '8493-5d27-e618-5d7d'),
(2428, '849e-37f7-9a20-05fa'),
(3544, '8512-ad21-9906-c578'),
(2885, '852f-3c63-28bc-ab36'),
(1799, '854d-3f51-7521-8476'),
(1348, '855d-851b-b4c0-cfbb'),
(1731, '855f-a04b-c5c9-c713'),
(3760, '857a-12f2-1703-1322'),
(2580, '8596-45d3-a8cf-4c56'),
(2923, '8596-f34c-527c-d45e'),
(1405, '85a5-04ea-2a47-c682'),
(1244, '85aa-ef8e-4bcd-33c1'),
(1866, '85d8-a93a-8e0b-6e9a'),
(3865, '85f2-2a06-b65a-b7fd'),
(2477, '862c-d420-99cb-43ae'),
(1558, '864a-fab8-bcab-a3a5'),
(1917, '8655-e6dd-f69b-2c7b'),
(3079, '8681-a306-fda1-79e1'),
(3627, '8696-d763-6ed3-613d'),
(1520, '86c0-7b44-6cbb-37a5'),
(1232, '8713-c149-dd90-2714'),
(1537, '8717-6de2-7723-5b58'),
(1627, '872d-37d1-abea-3225'),
(2292, '8756-9f9c-15aa-e46e'),
(3030, '876d-1b76-502d-414d'),
(3890, '8799-2473-e1b4-81b8'),
(3320, '87c5-dacd-3c5b-6073'),
(2479, '87c9-ed0d-0b78-fb55'),
(1882, '87cd-deff-51cb-8b23'),
(1212, '87cf-8c97-10e7-04b6'),
(3263, '87d9-f74c-1d0b-612a'),
(3196, '87e3-03e5-db6d-ad16'),
(2092, '87ec-f114-4689-3fa3'),
(1517, '8804-3737-5a68-a7d0'),
(1497, '881e-dfcc-373a-7bee'),
(2302, '883c-ab59-d628-9280'),
(2051, '8877-b011-9600-5da9'),
(3191, '8880-1f22-be38-9524'),
(3708, '8881-e44d-ae6c-a221'),
(3011, '8883-4fed-b8b8-692b'),
(2433, '8888-64ac-ec19-28da'),
(3597, '8888-7a8f-a370-3253'),
(3587, '88b1-b38e-5f1e-b68a'),
(1596, '88b8-d108-cde2-2edd'),
(2304, '88c1-c0cd-e1fe-b4b8'),
(1710, '88dc-1f5a-1fe9-8d71'),
(3014, '88e7-8bd1-c04a-eb4b'),
(1750, '88eb-f1d0-a453-7a42'),
(3761, '88f7-fc17-6493-1b6d'),
(1993, '892b-86a6-cb09-6ab9'),
(1872, '8950-701f-8f9f-e213'),
(1734, '8969-7d77-66e6-0476'),
(2551, '8995-9375-4aa2-c44b'),
(3939, '899c-808c-e76e-0fb4'),
(3243, '89d5-cb91-754e-d5ce'),
(1291, '89ec-d4ee-5b63-c746'),
(1790, '8a0b-da00-46d4-968e'),
(1457, '8a34-9ab4-f045-90df'),
(2406, '8a42-1a89-a465-ded5'),
(2962, '8a49-9f93-15f3-c18d'),
(3536, '8a6d-b952-4449-bb61'),
(3749, '8a8e-a155-656a-8d68'),
(1110, '8a92-f9bc-12dd-6c97'),
(1269, '8a93-c925-69ab-e86d'),
(1162, '8a9d-958a-259f-1ab7'),
(3595, '8ad3-6967-06ea-e890'),
(3266, '8adb-4124-f287-963f'),
(1820, '8ae8-9ca9-0f82-1761'),
(3142, '8af7-4bdf-ccf9-32d2'),
(3804, '8b0a-5d61-1353-d6b2'),
(1298, '8b14-4b41-14b6-8123'),
(1217, '8b1b-9351-cd8c-4ab5'),
(1380, '8b27-0580-3459-21dc'),
(3060, '8b28-ddfe-414d-8977'),
(3806, '8b2c-8567-1839-ab64'),
(1907, '8bd0-71e2-fb00-9090'),
(3475, '8c4c-c251-0786-d9ea'),
(2266, '8c69-5319-4c66-96cd'),
(3735, '8c6d-b6f1-7e31-f5e4'),
(2065, '8c74-88da-2231-d84c'),
(2810, '8cb0-785c-7e39-da9d'),
(3612, '8cb7-0aa1-87d4-0e8e'),
(2220, '8cc6-a6ce-7a67-f8e4'),
(3082, '8cd0-6d65-0f62-ae7c'),
(1230, '8ce1-be57-a801-0f64'),
(2137, '8cf7-c1f9-05d1-e7f7'),
(2811, '8d00-6cad-554b-5947'),
(1546, '8d0a-57a6-0c8f-b660'),
(2820, '8d1c-3548-e264-9489'),
(1751, '8d1e-d14f-4c35-a4e7'),
(2902, '8d37-6e6d-fadb-ffb6'),
(3639, '8d51-cc99-f778-70bb'),
(2802, '8d58-edd0-4400-b9fb'),
(3852, '8d5a-0a8a-f6e9-2d2c'),
(2156, '8d78-a00f-b781-ec63'),
(3458, '8dce-6dbf-0743-5ab0'),
(1635, '8dd2-8785-11af-29f0'),
(1189, '8df6-384e-b8fb-3504'),
(1613, '8df9-967c-b935-69b7'),
(1318, '8e2a-bd70-00b0-ac86'),
(1381, '8e53-fe19-ea6f-0111'),
(2628, '8e86-48a7-93e2-786c'),
(1406, '8e8c-758f-6608-23fc'),
(1337, '8eda-e8cc-5829-eace'),
(2661, '8efd-0b94-7592-9938'),
(3149, '8f07-5f62-c86c-498e'),
(3516, '8f53-b73f-cbc5-c912'),
(3356, '8f62-cdea-92d6-4d35'),
(2366, '8f66-eddb-8a4f-64d7'),
(1809, '8f81-b795-018c-99c4'),
(2071, '8f82-5204-73d2-adf8'),
(1848, '8fbd-994d-daf2-f931'),
(3847, '8fcc-5d53-5e85-a24a'),
(3696, '8fd3-e03b-d82b-3a4f'),
(2899, '8fe0-5f03-d49f-3d54'),
(2154, '901a-b24f-a8ea-4fd1'),
(3114, '9037-06b1-f11a-1133'),
(2770, '9039-bb9f-0d4c-8b08'),
(1867, '9041-dfda-193d-54cc'),
(2836, '904b-9915-06a0-15ab'),
(3838, '904d-0fbe-385a-fb59'),
(2903, '9054-4492-a3f1-cdee'),
(2422, '9058-a7f1-a43d-bd6a'),
(1702, '9083-ca87-0abb-3f74'),
(3833, '9085-85a4-ae86-7ffb'),
(3999, '90b4-18fe-fc33-b5e7'),
(1446, '90b8-215c-182c-1a27'),
(3103, '90d3-bf50-a40c-8900'),
(2561, '90e0-b58b-d292-bcb6'),
(2026, '9132-56e2-d76f-96d0'),
(2075, '9169-d0e8-bd6f-d078'),
(3899, '9188-454f-d817-23ad'),
(2213, '9189-65c9-49e8-bb4b'),
(3625, '91a8-2198-b029-7da4'),
(1647, '91b4-5306-c14e-06b5'),
(2221, '91eb-2170-1fd9-1bf7'),
(2128, '91fb-cdb9-6215-a0f2'),
(1362, '9204-8acd-08f9-3ae2'),
(3633, '9206-0fbb-c8b6-761a'),
(2896, '9223-ba6b-ef1d-7816'),
(3078, '922f-ba2c-2522-7952'),
(2513, '9231-634e-da53-c328'),
(1803, '9242-c694-725d-15f5'),
(1934, '926d-4e01-f3c0-e0b7'),
(2083, '9274-a714-d4b3-2cfe'),
(2520, '92af-369e-c5aa-5a42'),
(1641, '92c2-1a0d-0e69-8254'),
(1771, '92d6-17f8-9aa3-7397'),
(2997, '92dc-135f-c900-1f38'),
(2361, '9309-9f18-4bce-30a6'),
(1393, '9325-0892-a0e1-cf5d'),
(1258, '932a-9464-588f-08ce'),
(1823, '9352-5386-db13-fb50'),
(3109, '9354-86e5-7aa9-72c0'),
(2749, '9398-34ce-25b3-f1a9'),
(2542, '93a7-0a04-43d1-243f'),
(2922, '93ce-f527-c85f-f748'),
(2234, '93df-7966-76ea-878d'),
(2703, '93fc-49ec-2114-e725'),
(4039, '9403-68e4-ecec-f507'),
(3080, '9405-c760-c1ec-f9e1'),
(1980, '9416-2492-a4c2-fcdc'),
(3571, '9447-e681-77f4-1011'),
(3031, '945c-b679-ed35-35f7'),
(2709, '948f-9cff-eae7-6d35'),
(2812, '94cf-5fd3-65d7-938f'),
(3866, '94d4-7e42-8c02-627c'),
(2070, '94dc-f4b8-1755-7e7a'),
(3883, '94e4-6bcf-b561-4ea5'),
(3613, '951f-9a83-2c08-d738'),
(1146, '953e-319a-7a18-4b1e'),
(2355, '9542-c200-077e-324c'),
(3260, '9547-1d81-4822-4c17'),
(2281, '954f-1aae-5558-ad1d'),
(1672, '9551-86da-c562-f3c0'),
(1404, '9556-bc25-9f11-4875'),
(3033, '9571-f30f-e9d5-3747'),
(1240, '9582-ae85-4cb7-7d98'),
(2087, '95a1-1478-116e-758e'),
(1067, '95a4-702d-e0ec-ae42'),
(2837, '9600-2105-75c2-6e15'),
(4033, '9602-71ae-da17-3fa9'),
(1267, '9609-8345-caf8-2121'),
(2192, '9615-351e-a882-a925'),
(1185, '9625-d73a-d98a-e918'),
(1226, '962c-ae66-7d32-85d7'),
(2731, '9686-966e-7529-0f24'),
(1893, '968a-e53a-0ed2-3268'),
(1642, '9699-e066-f81e-eb68'),
(2849, '969e-383d-3294-b713'),
(1242, '96a7-5f5e-111b-2036'),
(2757, '96bd-5846-606f-02c8'),
(3252, '96ca-1ece-a209-08d5'),
(3154, '96d8-2491-55c5-3528'),
(1881, '96d9-d5ee-c908-0174'),
(3929, '96e1-10ed-bb68-2c75'),
(1215, '9708-bcd2-87aa-1bb9'),
(2467, '9713-1528-d51d-1843'),
(1420, '9714-f96c-4024-c3a0'),
(1766, '971c-cc45-f370-8df9');
INSERT INTO `voucher` (`id`, `nomor`) VALUES
(2996, '971d-21bf-6348-25df'),
(3121, '971f-9edf-4a44-b5ed'),
(2678, '9726-57ed-1189-d174'),
(3107, '972a-2f66-0ea5-41be'),
(3959, '976d-d835-2000-5806'),
(1332, '9785-b848-da3b-a7ac'),
(3488, '97a0-ad66-7da2-07e1'),
(1676, '97a8-528e-e0e4-45ae'),
(1412, '97cb-d692-3399-e845'),
(2025, '97fc-6dcb-f80e-8799'),
(1392, '981c-2e23-e4ef-ab73'),
(3590, '981f-d547-ae4c-7425'),
(4006, '9836-0339-3b6b-dafc'),
(3315, '9839-bf31-cb26-4c1b'),
(1830, '984f-6b9a-7893-31f1'),
(3457, '98ab-69a7-6863-45d9'),
(2482, '98ab-fde4-fd5a-f49f'),
(3357, '98cf-8852-1697-6376'),
(2630, '98e3-55d0-d0e6-c693'),
(3901, '98ee-a0dd-8d9c-2421'),
(2409, '9921-7d67-a290-6b0f'),
(3777, '9957-7030-08c7-c867'),
(1372, '9979-430d-01c3-3adc'),
(2393, '9997-8ea1-5762-88fd'),
(1486, '99b5-f1cd-cdc9-dc3f'),
(1324, '99bb-a003-87c2-b9ce'),
(3293, '99bc-8d3d-b41d-410e'),
(1965, '9a2f-bcb3-3856-ba4f'),
(3039, '9a36-b6ee-ed40-00f0'),
(3953, '9a4d-583b-8201-e719'),
(1876, '9a4d-ab85-36f8-196e'),
(1581, '9a53-5319-2017-56ea'),
(3683, '9a9b-6cc0-b364-0d27'),
(2421, '9aae-aa1b-9bee-b447'),
(1078, '9af3-80cd-228b-b82b'),
(1364, '9af5-c0aa-471a-ca42'),
(1740, '9afb-3392-4585-e4b3'),
(3703, '9b01-e31f-cab8-e94b'),
(3141, '9b0c-8a6a-bbbe-0f29'),
(1779, '9b0f-8a09-7f75-c3aa'),
(2296, '9b11-836b-6448-2230'),
(2713, '9b1a-ad18-ce77-c959'),
(3443, '9b38-00ae-9eca-b394'),
(1245, '9b3e-1d2f-a881-cb31'),
(2491, '9b42-4a3a-60c9-b801'),
(3012, '9b89-7b54-97cb-0426'),
(1985, '9b91-4053-9925-e874'),
(3841, '9ba1-6079-84f9-11dd'),
(3800, '9bbc-dabe-601f-b9e0'),
(2608, '9bca-f2fb-a259-b318'),
(3435, '9be0-2c6d-1206-0696'),
(2252, '9be2-b0d5-2136-7287'),
(1811, '9bf9-2cce-d261-c077'),
(1296, '9c05-2d9a-9cee-a486'),
(3495, '9c11-c2f9-19e1-8775'),
(2130, '9c17-3c1e-5359-c10c'),
(3349, '9c1f-3864-48de-12cd'),
(2122, '9c6a-2fdb-58b5-2a73'),
(2219, '9c72-b99a-2917-8fd9'),
(3322, '9c72-c2e3-b992-80f4'),
(2629, '9c8e-8fcd-2db1-ed88'),
(4032, '9c93-953c-cb85-bfd5'),
(2453, '9ca5-d7df-c0a5-e6d1'),
(2696, '9ca5-f0c9-fc81-99c6'),
(2613, '9cb4-d815-79f5-1d9a'),
(1128, '9cc4-01a4-242f-a259'),
(2099, '9cca-2a43-0fdb-ea7f'),
(1414, '9ce2-a171-4c2f-e18f'),
(1119, '9ce3-77f6-a5e8-ff8a'),
(2639, '9ce5-0ce0-7c41-e3c1'),
(3370, '9d07-0cec-0c27-fbc1'),
(1714, '9d2b-5da3-5d85-f259'),
(2735, '9d36-2023-11c6-e4cf'),
(3219, '9d38-11a7-3ee5-5809'),
(1192, '9d78-5ef0-b3f1-d67c'),
(1598, '9d82-d1a6-7d6c-f764'),
(2603, '9da2-5312-978e-4fb0'),
(2745, '9db0-8ecd-9490-b33f'),
(2895, '9db1-39b1-2dd7-7a2f'),
(2766, '9db8-70b7-2852-3501'),
(1804, '9dc7-8774-1499-3ddc'),
(4035, '9e00-26c1-95cf-847b'),
(1357, '9e07-4766-0e66-0eaa'),
(2227, '9e3a-5f31-34d1-5f67'),
(2518, '9e70-8364-6e53-3870'),
(2936, '9e7f-fb86-57a1-beb3'),
(2743, '9ed6-ab55-b8fd-1cd3'),
(3484, '9efe-64a3-bef2-e2ce'),
(1301, '9f07-db56-d6a5-29de'),
(1092, '9f61-aa6d-69e4-2fce'),
(3256, '9f78-422d-adbd-23f0'),
(2647, '9f7b-68bb-2352-07aa'),
(1136, '9f90-940b-d6b0-78cd'),
(3602, '9f93-f957-3bcd-92fc'),
(2882, '9fb4-bfbe-1ace-34c1'),
(3674, '9fb5-3569-6027-cec9'),
(3152, '9fb7-0603-5733-4efe'),
(1352, '9fc8-02bd-1aeb-bfd1'),
(3280, '9fd9-1665-155d-d998'),
(1284, '9fe4-6501-0e03-c7c0'),
(2449, '9fe6-b869-4ce8-8b74'),
(2944, '9ffa-6d81-96f3-bc0d'),
(2038, 'a000-7b85-7f97-0d3f'),
(2175, 'a01f-eff9-9ceb-9908'),
(3439, 'a027-131a-a49f-13a6'),
(2267, 'a048-8d58-2cd0-010a'),
(1109, 'a057-0ef2-fcc6-583e'),
(1231, 'a05e-2475-b6f8-1151'),
(2474, 'a07a-7a7b-5611-a991'),
(1703, 'a0cc-d8db-56b3-f94f'),
(2747, 'a0e1-8b71-0a64-7726'),
(3823, 'a0e5-84a0-27c2-b94e'),
(1387, 'a0f4-49f5-8640-a314'),
(3914, 'a0f9-2652-5242-c138'),
(2418, 'a124-7347-a6e9-13fe'),
(2862, 'a129-6eab-f963-874e'),
(1554, 'a130-4505-729f-7897'),
(1896, 'a131-b3b9-e5e3-7f46'),
(3826, 'a139-1419-7d1f-caaf'),
(3390, 'a142-dc67-6351-39cf'),
(1772, 'a150-289f-4b66-1b5d'),
(1551, 'a16a-569d-d31d-89f6'),
(3990, 'a176-b5b7-e998-a7f5'),
(3911, 'a17a-290a-c9c1-6725'),
(1060, 'a18f-8b6c-2552-e6b6'),
(2843, 'a1a3-34d8-68e4-258a'),
(3867, 'a1b6-cc87-207a-5a36'),
(2006, 'a200-eebb-78b5-2c29'),
(2508, 'a214-ddf8-ad6f-e685'),
(1533, 'a220-8afd-2d6f-8f7d'),
(2501, 'a224-0405-0b46-a6f6'),
(3155, 'a237-008f-f90c-55c0'),
(2795, 'a284-ccc6-c9a1-01fb'),
(2357, 'a298-678f-20c6-fe13'),
(2215, 'a2b1-a587-88ab-f3e4'),
(3642, 'a2c1-2647-f8d8-eca3'),
(3105, 'a2cc-cae5-cf9d-1909'),
(3296, 'a2ce-72a3-48ff-f7a5'),
(3618, 'a301-55a0-b846-1e6a'),
(2990, 'a304-ba31-775d-14bd'),
(1170, 'a308-3197-01aa-0641'),
(3723, 'a318-17b3-8081-6edf'),
(2336, 'a339-75b3-e683-b54c'),
(3134, 'a33b-e3b3-2e00-c640'),
(2578, 'a345-f25b-0e56-e89b'),
(2879, 'a34c-4f95-e6eb-a042'),
(2226, 'a356-bb0f-71fe-46f9'),
(3112, 'a372-6298-9d50-cbdf'),
(1667, 'a383-cbe2-f8f7-8892'),
(1482, 'a387-eb01-9d10-6259'),
(1148, 'a39d-5532-df2c-8334'),
(3941, 'a39d-c4a8-6c23-4379'),
(1827, 'a3d8-192b-49ec-5faf'),
(2260, 'a3ec-cff0-1ba0-401a'),
(3752, 'a3ec-d15e-fac9-2917'),
(1346, 'a3ee-4380-55c7-e175'),
(1959, 'a3ef-bff9-d5d6-e6d0'),
(3681, 'a3f4-a88a-4fcc-34e8'),
(2973, 'a41d-f9b6-88b6-7c90'),
(1428, 'a471-0f48-ee49-5b5d'),
(2569, 'a477-04c8-600a-9e9b'),
(2748, 'a47f-5e0c-3264-16b6'),
(2110, 'a4b3-7de6-e934-0f11'),
(3924, 'a4fc-d59e-5ac5-84f8'),
(1737, 'a507-bcbc-3b9a-2b98'),
(2933, 'a52e-f903-ed8a-d293'),
(4005, 'a546-fc5a-4f6a-48a5'),
(2185, 'a54e-0e55-53e2-f66b'),
(3976, 'a551-4664-0a98-206d'),
(3791, 'a557-c37e-5c15-cf67'),
(3629, 'a57a-ab1b-5287-b502'),
(3968, 'a59d-ef95-6a55-df5d'),
(3333, 'a5ae-0b52-87bd-9a9d'),
(2194, 'a5bf-566a-411a-fb24'),
(1837, 'a5cc-ada6-f03c-f775'),
(3485, 'a5ff-1215-1538-8632'),
(4037, 'a63c-6fe4-ba82-ecc7'),
(2686, 'a656-bc76-6282-ee46'),
(4013, 'a66c-ba86-4e40-6a4e'),
(3247, 'a672-015c-fe9a-5509'),
(3206, 'a689-03b6-03ae-ade3'),
(2938, 'a6a7-a38c-9c6c-30f8'),
(2967, 'a6b1-df05-e08a-52b2'),
(2238, 'a6b7-b9c2-3e5b-de97'),
(3231, 'a6b8-e60c-04d8-7e66'),
(2262, 'a6bb-1be8-891e-470d'),
(2249, 'a6c6-6721-33a4-ac9a'),
(3414, 'a6d4-51bb-6946-1805'),
(3345, 'a6e3-5630-d040-8562'),
(1207, 'a70d-22cc-7213-a898'),
(2949, 'a718-543e-e183-bd2f'),
(3242, 'a72f-a068-c12e-65b2'),
(3175, 'a731-938b-7750-4c07'),
(2761, 'a767-a931-a9af-3499'),
(3061, 'a76b-0ced-8e91-353b'),
(3274, 'a7b3-1a5a-4601-8564'),
(2939, 'a7b4-cc98-b72a-bfac'),
(1988, 'a7e1-c691-efee-ca1f'),
(1874, 'a7e9-7005-ce58-f464'),
(1330, 'a7f1-f067-223b-7b16'),
(1832, 'a82f-4a9f-a3d0-9874'),
(2028, 'a85a-36ba-a639-2679'),
(2399, 'a85b-842a-7ce3-21a5'),
(2020, 'a860-5a41-69a8-9f61'),
(2413, 'a869-9508-8dad-3aef'),
(2858, 'a86b-11cd-8936-ad48'),
(2871, 'a888-8083-3d9d-c98e'),
(1891, 'a88d-0894-7578-3cfd'),
(1081, 'a899-2dfd-5dec-1297'),
(1854, 'a8a4-8cfc-a538-8806'),
(2464, 'a8b0-4a49-6246-73a0'),
(1221, 'a8d2-a3fc-d9ca-bd02'),
(1849, 'a8e6-4cd9-4b28-7f29'),
(2032, 'a8eb-9f7b-0513-d012'),
(1273, 'a8fa-7492-3fc8-51c6'),
(2932, 'a90a-5e15-34ab-8e03'),
(2401, 'a91d-8da3-6b0d-38f4'),
(3977, 'a934-c80c-73eb-7545'),
(3452, 'a945-3cd5-bd9d-a492'),
(1972, 'a95e-f9a4-0d29-da66'),
(1089, 'a974-4373-24c3-aa2f'),
(1512, 'a986-3798-9281-1243'),
(2730, 'a9ad-9dd5-d056-204e'),
(1519, 'a9bb-392f-5929-eb02'),
(1135, 'a9ce-f41b-3e27-30b0'),
(3305, 'a9cf-ab89-1ad9-2d3d'),
(2091, 'a9fd-c360-08f6-bd3c'),
(1123, 'a9fe-352a-979d-3d7d'),
(3673, 'a9fe-ad48-3c33-6270'),
(2950, 'aa08-5c53-a0f3-4149'),
(2388, 'aa0c-7318-a085-3e7a'),
(3880, 'aa12-60ef-8d4c-4c2b'),
(2764, 'aa35-65f6-0eb7-a616'),
(2526, 'aa49-6e35-43e9-72e6'),
(3677, 'aa4d-acc6-63af-39a3'),
(3185, 'aa61-8bba-d1bf-c55a'),
(1529, 'aa7e-5d2e-56a5-4610'),
(3905, 'aaa2-ebc7-2e6f-59e0'),
(3787, 'aab1-f721-6b60-a510'),
(1225, 'aaba-a336-086b-e751'),
(4027, 'aabb-cd01-b3f1-a776'),
(3641, 'aac4-a3b6-11ec-3a6b'),
(1566, 'ab2a-4933-ceb0-8c78'),
(1180, 'ab2d-c5b6-241f-77fd'),
(3785, 'ab3b-bffb-8966-6511'),
(2243, 'ab62-ce9d-b12f-ae51'),
(3250, 'ab6f-8f89-4b4d-9476'),
(3027, 'ab79-53ae-c8c6-758c'),
(1991, 'ab81-d634-0435-2898'),
(1951, 'abdd-e7dd-cae5-0b75'),
(1098, 'abe5-25d4-6e8e-87a8'),
(1584, 'abea-8edb-cbe6-6561'),
(3993, 'ac47-8a94-b9b0-2c27'),
(1927, 'ac66-10ac-b422-6eb6'),
(2434, 'ac79-abdf-87c6-8ebf'),
(2969, 'ac95-a65e-5b9b-8676'),
(3245, 'ac9d-a6de-6fd9-f88e'),
(3167, 'acca-eb3e-0eb9-0cf7'),
(3461, 'acdf-8c27-3316-8717'),
(1152, 'acea-d551-7eee-5dfe'),
(1235, 'aceb-46e5-264d-ef1f'),
(2800, 'acfe-3c96-4bb1-acc1'),
(3117, 'ad0d-d876-eb9c-0009'),
(2523, 'ad0e-ff52-b525-866a'),
(2306, 'ad2b-f5ff-f8c3-3f62'),
(1553, 'ad7d-bab3-dc57-dbf2'),
(1313, 'ad94-43aa-d89c-b82f'),
(2589, 'ad98-275e-172a-3d50'),
(2953, 'ada5-5bd7-d3cd-7cdb'),
(3920, 'adaf-c706-79ba-8342'),
(3715, 'adb1-2c88-6895-5eb8'),
(2617, 'adb3-bec2-64fe-580d'),
(1102, 'add2-4833-0431-f221'),
(3387, 'ae1d-8e38-ea8d-03be'),
(3938, 'ae20-cad9-51f9-7f21'),
(1334, 'ae45-3e20-49de-4baa'),
(3933, 'ae4d-fcbd-aa58-4017'),
(2208, 'ae7d-1f81-2a45-9e1f'),
(2755, 'ae88-0345-a236-fb54'),
(3049, 'ae8d-8e3b-f53d-239c'),
(1160, 'aec8-7b80-ebba-e90b'),
(1644, 'aeda-0718-4f22-460d'),
(1429, 'af03-9413-09e1-940f'),
(3891, 'af03-f2ee-0cde-723a'),
(2121, 'af13-756c-69b0-eb40'),
(2316, 'af15-c1b9-c43c-2a50'),
(3169, 'af26-5ba1-46db-b53d'),
(2084, 'af2a-de99-1627-2400'),
(2683, 'af47-4e38-c809-fa50'),
(2346, 'af48-4677-b3ca-8d3a'),
(3821, 'af91-a6a9-87ce-f29c'),
(1158, 'afa7-d480-fb4f-4b29'),
(1295, 'aff0-e651-a7de-266f'),
(3850, 'b015-e404-26b2-015d'),
(2867, 'b030-a2f0-33b1-a0f7'),
(1696, 'b05b-4d5f-7e67-8a3e'),
(2715, 'b07d-7f5a-b474-57a9'),
(2161, 'b091-aa53-6072-deeb'),
(3717, 'b09a-6b6f-f56e-d35e'),
(2429, 'b0bc-e959-e7e7-f7f5'),
(1253, 'b0c5-d306-dc3b-5cd6'),
(2919, 'b0e0-3939-fef5-231e'),
(2570, 'b0fa-697f-c588-ccad'),
(2188, 'b108-a4c1-eeb5-23f0'),
(2100, 'b109-4212-311a-78c9'),
(3706, 'b10b-e171-3779-257a'),
(3636, 'b10e-1e12-82a2-0166'),
(1616, 'b11e-2fe9-a542-ef00'),
(1327, 'b11f-1122-5cf1-3506'),
(2431, 'b12a-59fe-6298-24b2'),
(1576, 'b152-8465-d9b5-2c8f'),
(1688, 'b164-be33-b87c-ebda'),
(3758, 'b16b-6d20-77fe-b59f'),
(2184, 'b190-e200-b1ff-ac6f'),
(3670, 'b1bb-5946-4903-0e78'),
(1686, 'b1cf-43a9-5c4f-cb29'),
(2831, 'b1e1-d343-a06e-2c96'),
(3200, 'b1ee-6fbb-f728-4425'),
(1735, 'b1fe-3cc9-2f64-b4dd'),
(3562, 'b20b-98aa-48f8-368a'),
(1564, 'b224-cd70-38dd-7e62'),
(2253, 'b245-3ef7-917d-af03'),
(3894, 'b259-e66a-dff8-738f'),
(3069, 'b26f-4e3c-98e9-0f5d'),
(2300, 'b286-c5ad-6565-e75d'),
(2247, 'b2aa-bf8a-ae98-a602'),
(2620, 'b2cb-02c6-1c70-2c38'),
(3743, 'b2f3-2258-3916-d860'),
(1987, 'b343-3417-9f8d-1166'),
(3038, 'b3ba-5939-3466-74aa'),
(3090, 'b3ca-8c15-8027-2a65'),
(2975, 'b3ce-e35f-5333-86e4'),
(1732, 'b3f4-c5af-56d5-cfce'),
(1504, 'b3fc-379e-94b5-821a'),
(2898, 'b409-4205-7443-1369'),
(1768, 'b40d-2ed8-a713-3549'),
(1612, 'b414-8506-5302-9e80'),
(2403, 'b428-9d0d-318c-6ab7'),
(2792, 'b465-658d-7e34-05b2'),
(3178, 'b4a6-fe0a-d172-1adb'),
(2999, 'b4f1-07dd-0d7e-b883'),
(1338, 'b515-807f-1453-6159'),
(2480, 'b555-5c7b-5d3b-5ab8'),
(3344, 'b56e-6626-ae69-d9fb'),
(1604, 'b585-7b04-d592-526c'),
(2665, 'b58e-5950-7437-e070'),
(3954, 'b5b6-ce01-54a4-0785'),
(1545, 'b5fa-3a16-bef0-2055'),
(3732, 'b634-3486-3607-9904'),
(1561, 'b646-5076-60fd-b27e'),
(2287, 'b656-3496-cacc-c125'),
(3988, 'b686-1e6e-d800-c2ec'),
(3018, 'b69a-acbb-61c3-5752'),
(2886, 'b6a3-2650-8322-de38'),
(1437, 'b6ab-eff4-bd79-6247'),
(3041, 'b6bb-9134-c4a8-3bca'),
(3494, 'b6e2-d933-a99a-6fba'),
(1218, 'b6e3-b7e0-808c-9397'),
(3952, 'b6e5-8929-18f4-b24d'),
(3468, 'b7a4-1535-7e76-c702'),
(2405, 'b7aa-6eb7-6512-3ab1'),
(2987, 'b7bb-537b-700c-9c0e'),
(1956, 'b7c2-e55c-91b8-b27f'),
(3500, 'b7ca-c473-5f97-2655'),
(2198, 'b7d6-dfa9-2369-a3c7'),
(1236, 'b80a-716d-ad3d-7c9a'),
(3450, 'b832-10ac-50f5-5302'),
(1167, 'b838-50cd-87b6-24d8'),
(1857, 'b838-954e-ab27-fb28'),
(3303, 'b840-f676-18a7-aea1'),
(2773, 'b865-9d19-4c62-4725'),
(3456, 'b884-95c8-43f5-5362'),
(3381, 'b8d7-71a5-94f9-bea7'),
(1127, 'b8d9-f765-22cf-f988'),
(3874, 'b8df-9f44-6146-1279'),
(3181, 'b8f7-fb6c-4a01-2dda'),
(3844, 'b901-e137-6a25-bce9'),
(1466, 'b918-d7d9-d510-30b9'),
(3511, 'b921-cc16-efc1-1984'),
(3691, 'b935-1f2c-8505-832d'),
(1068, 'b952-e15c-fbb0-b43b'),
(3919, 'b957-67b7-28ac-343e'),
(1095, 'b964-4dd6-0065-decb'),
(2119, 'b96b-f1ce-a865-7bac'),
(3177, 'b974-2bf5-7d5d-f2ff'),
(2103, 'b975-f797-84b6-8fc4'),
(2687, 'b9b8-ea29-2b78-8b08'),
(3559, 'b9ce-6e76-f8ac-d5f6'),
(2003, 'b9d9-e8ea-9f60-ecea'),
(2908, 'b9ec-6485-8b2e-b663'),
(1815, 'b9f7-1a00-cbe8-2349'),
(2106, 'b9ff-9708-e4fa-20b6'),
(1902, 'ba13-22e8-1b5e-5c74'),
(3072, 'ba31-065e-44fb-8b50'),
(1559, 'ba41-a750-f6a6-f487'),
(3558, 'ba49-7729-5a97-03c9'),
(1312, 'ba58-671a-cad3-91d5'),
(3995, 'ba9c-6f41-0c3e-00d6'),
(2494, 'baae-a368-f956-1355'),
(2168, 'babd-9f03-d7c5-be78'),
(3261, 'bac2-d03e-0ea0-99e8'),
(1770, 'bacf-367e-cbb0-8be6'),
(3132, 'badd-77e7-558d-3397'),
(2752, 'bae6-c52d-67ef-27b3'),
(1967, 'baef-cea4-3ef8-195e'),
(2660, 'baef-e1bd-4d03-22ba'),
(1286, 'baf0-09ac-bf26-81f4'),
(1821, 'baf7-de62-e6cb-d12a'),
(2575, 'bb00-5db4-b740-b57f'),
(1646, 'bb5b-3bb2-0fd0-1dd8'),
(2694, 'bbb9-a318-0205-0dab'),
(3416, 'bbb9-b3b6-1cc2-3278'),
(1698, 'bc02-0730-be7a-1dd8'),
(3666, 'bc05-48b7-2ffe-9e77'),
(2056, 'bc1e-bddf-d50b-be8b'),
(3689, 'bc45-19f3-dd38-27a0'),
(3948, 'bc45-e8bb-94bd-55f7'),
(1898, 'bc71-7165-6ce7-6684'),
(2816, 'bc89-c4e5-8096-da55'),
(3816, 'bcc7-de5f-dcb6-e8f2'),
(2874, 'bcf6-a472-6af0-18fa'),
(1285, 'bcfc-bf39-ff19-87a6'),
(1948, 'bd09-060a-2732-3197'),
(1968, 'bd0d-eeca-ff73-adf8'),
(1775, 'bd1c-191f-d402-19b1'),
(2543, 'bd1c-1d86-09eb-aa1d'),
(3376, 'bd31-53e6-479d-f049'),
(3408, 'bd40-dd6b-2fbd-1482'),
(1118, 'bd47-7de8-e457-a7ae'),
(3409, 'bd4f-94bb-8028-af7f'),
(2189, 'bd84-6c97-f906-bbee'),
(2891, 'bda0-128e-9d14-cfc8'),
(1599, 'be08-38b2-0d3b-46f0'),
(3001, 'be0e-0420-d4d4-f57c'),
(3592, 'be16-d63a-01a4-436d'),
(3983, 'be20-381b-bd43-8a88'),
(1377, 'be2b-2d0b-a38e-f2ce'),
(3299, 'be42-b698-3664-6685'),
(3620, 'be49-d21d-5356-3540'),
(2022, 'be8b-b01d-1e27-1368'),
(1106, 'be8c-6a5c-ecb8-f1d0'),
(1736, 'bea8-f1b4-c37e-d6c8'),
(1754, 'beb6-313d-9bea-b11a'),
(3282, 'bec7-49fa-8aea-1f03'),
(2341, 'bed2-e9fd-a8c2-e251'),
(1634, 'bf00-2e0b-7c71-5fe9'),
(3896, 'bf00-7163-f203-d6a4'),
(3301, 'bf59-7fca-0ade-b128'),
(2339, 'bf81-def0-5ad0-7efb'),
(3050, 'bf82-23dd-62b6-260d'),
(2301, 'bfb7-1d66-a1b9-fd9b'),
(2989, 'bfe0-a152-4de4-61b2'),
(3809, 'c006-d947-9e92-7727'),
(1842, 'c008-abb8-ee09-0c56'),
(3335, 'c034-5093-6a40-450b'),
(1383, 'c035-48f1-058f-399f'),
(3024, 'c03d-37a3-8090-7503'),
(2206, 'c04a-af1b-d89c-f4ed'),
(3053, 'c050-1137-cbe7-d503'),
(2389, 'c0b6-4698-be08-3b83'),
(3087, 'c0f3-1f92-39ce-d150'),
(1323, 'c108-a144-1875-ee8c'),
(1188, 'c10f-a638-0065-fe05'),
(3391, 'c134-d7d3-72c5-9431'),
(3473, 'c141-3700-c533-1a54'),
(3722, 'c152-db61-4ec4-ade6'),
(2567, 'c157-4b0a-89f6-9686'),
(3481, 'c15e-0434-8224-a668'),
(1747, 'c184-4580-f07f-3a55'),
(3711, 'c19a-a678-dd27-2ec2'),
(2860, 'c1b5-532b-9ea5-0539'),
(2370, 'c1be-52eb-df6f-7fc0'),
(3363, 'c1fa-a66c-4c48-9525'),
(1609, 'c1fd-be58-4780-d0fe'),
(3881, 'c204-d9d1-3607-1e93'),
(1862, 'c230-81dd-393f-d33f'),
(3279, 'c23e-b3ff-b8e4-9434'),
(2530, 'c242-8ade-dc1b-376c'),
(1234, 'c255-8d7e-231c-6125'),
(1949, 'c25a-5e6d-cb80-ff1e'),
(3091, 'c25a-af8c-3e9c-9a0e'),
(3668, 'c27e-ac14-520e-408f'),
(1863, 'c2b2-f741-7d27-237a'),
(1463, 'c2c2-3a41-7585-d660'),
(3300, 'c2cf-b154-6eee-34ef'),
(3143, 'c2d8-c4a6-8c05-fbee'),
(1685, 'c2e3-6b7b-89d1-0938'),
(2631, 'c2ee-9b0d-7b8a-d851'),
(2702, 'c2ef-078e-225c-538b'),
(2880, 'c31e-23d6-57ed-c767'),
(2582, 'c32b-99f9-a28f-e530'),
(3810, 'c338-e887-65b8-7f34'),
(1878, 'c33c-c7d6-230e-9220'),
(1800, 'c346-bbdc-e9fa-87b4'),
(2191, 'c371-d526-8adb-17cd'),
(3937, 'c37d-c73c-a42d-fd7d'),
(2829, 'c39c-3f9f-80d8-4f1e'),
(2424, 'c3a3-b834-369d-8bed'),
(1349, 'c3c9-0ff7-1db1-4ad0'),
(2303, 'c3e7-acfd-3b0d-a4c4'),
(3217, 'c404-1e22-27c4-af01'),
(3229, 'c40b-d5d2-8e89-2056'),
(3698, 'c421-f434-7692-2ad1'),
(1097, 'c486-999d-5c9d-f932'),
(3201, 'c490-d39d-83af-ae03'),
(3736, 'c4a4-b343-7c0c-624c'),
(3753, 'c4cc-25ba-5bb9-da5f'),
(2624, 'c4cc-cf1f-c0dc-0cba'),
(3951, 'c4d5-71a9-cc48-633f'),
(3775, 'c4d7-9685-ec68-a00e'),
(1671, 'c4dd-291d-1957-2212'),
(1055, 'c4ea-9379-e9de-250e'),
(4028, 'c4f0-d572-24c1-02db'),
(1237, 'c507-861d-75a0-cf2a'),
(3593, 'c50f-b0bf-4be1-5c4f'),
(3101, 'c513-1507-2daa-be36'),
(3684, 'c534-74c0-0caf-6c2e'),
(1378, 'c57d-492c-c479-306c'),
(3013, 'c58b-cedf-104f-db18'),
(1892, 'c5d3-5c93-e547-a30e'),
(4031, 'c5dd-2d54-75ab-c0d9'),
(3161, 'c5fb-cecd-b8ff-a882'),
(1469, 'c601-e1a8-1d7b-a666'),
(3406, 'c609-f51d-2562-7663'),
(3369, 'c636-2b9e-987e-e131'),
(3856, 'c642-2677-6481-e24f'),
(2050, 'c66a-e64d-f610-55ee'),
(1998, 'c681-8c56-8db6-5a35'),
(3525, 'c695-dcec-e0c8-6e47'),
(3502, 'c6a2-e8bc-b22f-4a9c'),
(2181, 'c6f6-f87a-7be8-40e3'),
(1415, 'c738-177a-375f-c038'),
(2751, 'c740-26e6-3ef5-bbf9'),
(3208, 'c751-ad0b-8d9c-8314'),
(3220, 'c78a-f360-6cdc-8c6f'),
(3118, 'c7c1-3e8e-6040-22b7'),
(2905, 'c7d0-2497-2b92-1997'),
(1701, 'c7ec-2292-c170-28e1'),
(2627, 'c7ee-5414-d913-9916'),
(1543, 'c7f6-b75e-8468-a2e3'),
(3211, 'c81c-2e9e-b30b-710b'),
(1899, 'c821-f96f-e1ab-8224'),
(3573, 'c824-8a17-dab7-9ba8'),
(1496, 'c83f-551b-92b9-90e8'),
(1138, 'c83f-56bf-4e4c-f9e2'),
(1149, 'c85f-c9a1-56dc-f231'),
(2113, 'c8b4-a118-e26a-63ac'),
(3047, 'c8b6-5ace-6e66-ab53'),
(2057, 'c8c4-9ee4-58e1-4a5f'),
(3108, 'c8da-0340-ecba-af22'),
(3057, 'c8e9-1bc0-360d-47ae'),
(1748, 'c8ee-9da5-8e90-05b0'),
(1983, 'c8ef-2431-ba24-5c6f'),
(3138, 'c8f2-d3a8-75e4-257f'),
(3410, 'c95a-9c22-f65a-5fa2'),
(1468, 'c962-441d-f1b7-9079'),
(1319, 'c977-78ee-4876-4262'),
(3830, 'c988-a204-230c-ec74'),
(1953, 'c98a-4860-d9d2-bfd9'),
(2492, 'c98d-6686-1a5f-5560'),
(3585, 'c98d-6705-c3ea-c61f'),
(3145, 'c99b-7c4c-d040-68e1'),
(3870, 'c9b9-4b9a-0e5c-fce3'),
(3987, 'c9c4-c81b-fc29-815f'),
(3102, 'c9c6-9e06-6865-9c3f'),
(1971, 'c9cc-d177-1f24-41cd'),
(3802, 'c9d6-ec70-885f-e405'),
(3221, 'c9e3-ef5e-e461-179b'),
(1366, 'c9eb-cafc-5dac-665b'),
(1582, 'c9fc-efbb-8a59-be22'),
(2371, 'ca14-c689-b83b-3bfa'),
(3845, 'ca20-e9e5-4ebf-d7ea'),
(3522, 'ca25-c950-595c-ccf2'),
(3136, 'ca40-79f6-49da-92d9'),
(2869, 'ca44-1834-40f5-e7ea'),
(2036, 'caa5-5b3c-10af-d87f'),
(2297, 'cab9-eabd-da0b-d052'),
(3126, 'cac9-d5be-2435-1106'),
(1760, 'cacd-22c2-53a6-56ac'),
(1294, 'caea-2478-5446-9ade'),
(1277, 'cb0f-587c-7374-6102'),
(3819, 'cb14-12d0-4ddb-4824'),
(2559, 'cb1f-9e39-033b-dd82'),
(2142, 'cb2a-8eeb-334d-bb4c'),
(3940, 'cb34-50d3-d422-944e'),
(3392, 'cb52-ce68-6ba1-d03d'),
(3170, 'cb66-f6e5-8f59-890f'),
(2426, 'cb7b-8733-7363-e5c1'),
(1796, 'cb86-accc-e689-2fde'),
(2512, 'cba6-2726-eb0d-bdf8'),
(3608, 'cbc3-0ed2-4188-2a30'),
(1860, 'cbc8-3a6c-ef9b-ede7'),
(1530, 'cbcf-7571-c0d8-99e0'),
(1270, 'cbd5-9fa3-c0b5-59ca'),
(2414, 'cbe8-d1ab-16bc-2082'),
(1814, 'cbf3-0009-8ed4-7754'),
(2450, 'cc2a-6ef9-e72b-e584'),
(2160, 'cc3c-7b29-c44c-e5fa'),
(1531, 'cc56-8690-ab5d-9f3c'),
(2510, 'cc73-4193-1492-5138'),
(1220, 'ccb8-1323-01a4-439a'),
(3380, 'ccdf-1dea-a513-957f'),
(3283, 'cce0-d276-4b56-a520'),
(3412, 'cd03-9c29-f7f1-7065'),
(2602, 'cd1f-7b16-cb85-e328'),
(2677, 'cd2e-74a4-0f81-dab4'),
(3645, 'cd37-4d4a-a16f-cd5a'),
(1744, 'cd4e-097e-b3d8-4a8b'),
(3430, 'cd8b-ac36-a893-bdfc'),
(3441, 'cdc3-fd7b-4191-7702'),
(2210, 'cdfb-d201-7d8a-923a'),
(1888, 'ce0c-3b48-97a9-d78c'),
(3568, 'ce34-e387-efd6-fd11'),
(3195, 'ce41-011c-5146-367e'),
(1807, 'ce70-c983-7592-4ebc'),
(4009, 'ce7a-05f3-cf4a-ad5e'),
(1690, 'ce97-5883-ba2a-3c6d'),
(3051, 'cea5-a5e7-054a-4f2d'),
(4029, 'cec3-6b42-daaf-2d87'),
(3171, 'cedc-00e7-8601-214f'),
(2094, 'ceef-2858-f13c-4b80'),
(3946, 'cf03-387c-8169-41d3'),
(2441, 'cf1f-3d60-89d1-7c68'),
(3915, 'cf2b-683a-6978-990a'),
(2069, 'cf48-5de2-d196-7783'),
(3922, 'cfa6-fcf4-5bd4-a95c'),
(3877, 'cfb6-65a7-d994-670e'),
(2299, 'cfd2-5e80-2347-e12d'),
(3489, 'cfda-828e-d2fe-69bc'),
(3375, 'cfe4-7f1a-e4c9-74a9'),
(1139, 'd00f-f5a0-104d-208f'),
(2487, 'd03b-e995-900c-8262'),
(2040, 'd041-598b-af6a-8561'),
(3470, 'd060-fbb2-8337-80bb'),
(1572, 'd082-7468-520b-d46a'),
(1072, 'd082-e9b3-4aeb-1d8a'),
(1251, 'd085-7080-c2e4-40f7'),
(2019, 'd08f-db16-18b9-17c5'),
(1137, 'd0e2-1ac3-a978-ebdb'),
(3360, 'd0f8-5c32-db11-4a0f'),
(2714, 'd113-71bb-0193-2907'),
(2411, 'd154-0379-25f7-9551'),
(1825, 'd15d-b39c-2b5f-243b'),
(1828, 'd15d-cf51-5a9c-0863'),
(1617, 'd181-6259-e604-f542'),
(1353, 'd181-ec5e-9cf1-1892'),
(1513, 'd18d-9efb-35a2-61c4'),
(1841, 'd18f-ad42-61e2-031b'),
(3081, 'd192-d01a-a385-20b4'),
(1157, 'd198-c9e6-dc56-25f4'),
(2186, 'd1c0-df4c-de5f-6335'),
(3598, 'd1d9-eef9-9b64-3322'),
(1677, 'd1f1-0919-27cc-7ed5'),
(3839, 'd215-3c2a-1e2b-0bd5'),
(3487, 'd24d-3e6f-6446-4c35'),
(2767, 'd250-0568-9a0a-f0a4'),
(3871, 'd254-dc57-9d73-8c88'),
(2195, 'd2e9-32ef-b857-1a0e'),
(3065, 'd2f8-6321-e601-cb11'),
(3892, 'd332-da12-4fc8-96c2'),
(3646, 'd34a-2111-1a44-b696'),
(2174, 'd367-1a87-d5df-efd7'),
(1280, 'd369-2bc0-9281-b8fe'),
(2261, 'd376-f344-f623-068f'),
(1947, 'd3c7-a582-c103-655a'),
(1952, 'd3db-4f94-6f93-10a0'),
(3699, 'd3e0-cc7f-a65f-5324'),
(2529, 'd3f1-95a5-59c0-0509'),
(3906, 'd401-261f-fd24-a960'),
(2931, 'd429-ddb9-a92e-650d'),
(2132, 'd42d-d557-ad79-ea6e'),
(2120, 'd435-b850-eda5-17e7'),
(1083, 'd43b-a26f-f1ea-d40a'),
(2410, 'd470-d5c3-d0b0-256f'),
(1104, 'd47a-0b5b-0879-cda4'),
(1850, 'd489-c443-da89-0512'),
(1507, 'd495-4d47-95f1-56e6'),
(2521, 'd4d7-1303-96e2-41a9'),
(1508, 'd501-4f6c-b5fc-bb02'),
(2112, 'd509-445a-4d8d-46c2'),
(3131, 'd530-b6b4-4da4-6be5'),
(3634, 'd53c-ad56-9064-76af'),
(1535, 'd569-5479-24ec-c685'),
(3818, 'd579-025f-b77f-3b70'),
(1259, 'd585-2af6-6317-005b'),
(2205, 'd588-ef10-1fe4-24ab'),
(1333, 'd591-0395-c497-c403'),
(2701, 'd5b3-6afa-e77d-a3af'),
(2842, 'd5d1-a522-85bf-07a2'),
(3960, 'd5d7-4407-e689-fafe'),
(1239, 'd5e5-fd47-47b4-1c44'),
(1908, 'd5eb-6502-8f6b-64e3'),
(3319, 'd5f8-641e-6f6a-5a67'),
(1502, 'd613-89d1-9a3a-35bc'),
(3755, 'd62b-0d72-59ec-9b58'),
(2870, 'd636-e55a-5f07-25c6'),
(2571, 'd63b-dbcf-0e54-7e46'),
(3173, 'd63d-9d93-e6ea-557c'),
(1247, 'd648-a055-89e3-747d'),
(1752, 'd651-ee81-fe6b-c0fd'),
(3549, 'd65c-81e5-234c-537d'),
(3729, 'd6a6-f975-1ab8-82be'),
(2991, 'd6b2-f251-adc8-9e83'),
(2237, 'd6b6-a7be-01d1-7ad7'),
(2693, 'd6b7-4d4b-b7c7-c85b'),
(1709, 'd6c8-fb6e-efce-3305'),
(2200, 'd6fe-2fe6-d569-d0e3'),
(2847, 'd717-67c1-75f3-bc29'),
(3235, 'd737-6db7-494d-e007'),
(3199, 'd77c-5a74-03f1-b043'),
(2557, 'd780-6fef-284e-2e5e'),
(1308, 'd788-ee55-b3d4-4068'),
(2259, 'd7ac-d496-5940-536e'),
(3287, 'd7cc-47bd-d984-a7f0'),
(2737, 'd804-9029-7cd9-d9dd'),
(3386, 'd806-2459-bcc3-bab8'),
(3860, 'd813-3543-6587-5b2b'),
(2794, 'd81f-c439-4a9f-1bfc'),
(2011, 'd820-3b95-2428-5bf8'),
(1223, 'd832-e298-817d-b530'),
(2985, 'd833-ba4a-2dc4-18e9'),
(3774, 'd848-2150-09ec-ec38'),
(1655, 'd86c-8743-c65c-a4b0'),
(2251, 'd870-d528-f093-2bb6'),
(3194, 'd871-33a4-7d26-088c'),
(1384, 'd875-7fc1-e2e6-b8b4'),
(2447, 'd88d-4c61-f091-0593'),
(3137, 'd8bf-5513-e0dc-4993'),
(3477, 'd8e3-bca1-ee39-995c'),
(1478, 'd8ea-49ce-df62-3062'),
(1839, 'd939-eed0-80ac-d703'),
(2540, 'd94d-1d59-64d4-3cf8'),
(2473, 'd97c-97ef-9150-f0a1'),
(1975, 'd98c-3e7d-69ac-6ec7'),
(4000, 'd9a8-3daa-91b5-ce18'),
(3180, 'd9b9-c361-dc4b-098c'),
(3510, 'd9bd-2759-d5b0-654e'),
(1916, 'd9c2-edfe-a712-b7fd'),
(2877, 'd9d7-80ad-83fb-2e6a'),
(2535, 'd9f1-33af-922c-434e'),
(3353, 'd9f9-d177-7890-0d7e'),
(1834, 'd9fb-f445-7299-5cb3'),
(3421, 'da1c-86e9-d34e-fe2e'),
(1831, 'da23-861b-d1b9-ba64'),
(1665, 'da26-50bf-5ed4-c833'),
(1439, 'da5c-8939-8c9f-1b48'),
(3232, 'da6c-3dab-431d-2113'),
(2875, 'da81-d056-131a-592c'),
(3388, 'da8c-f2cb-334a-6333'),
(3605, 'da94-8a3e-a776-ac35'),
(2398, 'dab0-baeb-d3d4-c6ed'),
(1328, 'dae2-20f2-74d8-4b6e'),
(3582, 'dae9-3a0c-28a7-2099'),
(1465, 'db05-c858-2d95-e947'),
(3472, 'db4c-113e-a78f-c466'),
(2484, 'db52-a04d-605e-e2fd'),
(3225, 'db76-4ff9-48f3-284e'),
(1306, 'db79-a11d-10aa-8e50'),
(3371, 'db79-e3d6-33a5-77d8'),
(2258, 'db80-416f-079c-6def'),
(3916, 'db88-d2fc-43c6-a5c8'),
(1227, 'db93-7214-5c13-5008'),
(1905, 'dba7-6e9f-cf4a-a546'),
(3438, 'dbb4-abca-0fb7-f60d'),
(1064, 'dbc6-c59c-77c9-7339'),
(2214, 'dbde-8a44-c367-5550'),
(2138, 'dbeb-51e3-4b30-db22'),
(2373, 'dc15-a119-9601-4766'),
(3352, 'dc2a-38f5-62b7-bf09'),
(2793, 'dc40-bcc1-3a3e-627d'),
(3876, 'dc65-00e3-50a9-cefd'),
(3092, 'dc67-3304-c838-d7bc'),
(3778, 'dce5-09c1-22b9-54f5'),
(3197, 'dce8-42de-7445-6395'),
(2030, 'dd25-29f2-f473-5864'),
(1920, 'dd29-0c3d-228b-21b6'),
(3776, 'dd31-783c-451a-b715'),
(1186, 'dd40-f0a8-d6b8-c259'),
(1492, 'dd47-9098-9e4e-2db1'),
(2204, 'dd4a-67e3-d27a-7e55'),
(1397, 'dd4d-f28c-c637-daea'),
(2986, 'dd5c-a970-e37f-c2f3'),
(2890, 'dd67-3667-440d-c50c'),
(1749, 'dd67-caa5-c52e-97cb'),
(3022, 'dd87-335d-474e-50d6'),
(1730, 'dd9c-9a06-5d4d-76e5'),
(2591, 'ddb6-c034-5f00-bdbe'),
(3786, 'ddcb-ac06-b9cc-9c02'),
(2708, 'ddd2-428f-259b-fb12'),
(1177, 'ddd7-077d-de4e-59f1'),
(2372, 'ddee-8ef4-478f-f90c'),
(3010, 'ddfa-5627-27b8-2625'),
(3437, 'de09-3923-1e8a-d067'),
(2171, 'de12-1980-8991-4472'),
(2438, 'de14-c883-bda2-2568'),
(2150, 'de44-1fc6-008c-a9df'),
(3750, 'de48-1203-5093-863e'),
(3394, 'de7d-553d-f7fd-371b'),
(1481, 'de7e-c437-6a8d-4f23'),
(2118, 'de8f-54b7-d52c-fa89'),
(1843, 'de95-4dd6-d553-3832'),
(3554, 'deb2-5ea5-dcf1-c658'),
(1818, 'ded1-f3aa-8cf3-d40c'),
(1462, 'deda-ff02-8fc2-a529'),
(1705, 'dee2-d4df-140d-d4bd'),
(3617, 'dee6-4e1a-4362-07f5'),
(1096, 'dee6-5819-6b2d-b2df'),
(2756, 'df2d-27e3-ca64-9481'),
(3164, 'df81-e394-1c1b-3433'),
(2002, 'df99-f543-f2b4-33a8'),
(2097, 'df9b-8fd2-353c-4695'),
(1310, 'dfa3-fde2-4783-7ebb'),
(1715, 'dfe3-e1d0-94b2-5771'),
(1107, 'dfe5-729e-0568-ee54'),
(3188, 'dff6-d600-abe0-5ae5'),
(2058, 'e034-a6bb-7950-c2ec'),
(2244, 'e042-5b43-0e59-9b75'),
(3482, 'e088-64bd-76d8-a9f3'),
(2153, 'e08f-ae97-c351-9e8b'),
(1631, 'e09f-7807-985d-42c8'),
(2590, 'e0b1-dfae-fb13-1556'),
(1995, 'e0b7-a21e-2800-9023'),
(2781, 'e0c7-4a14-73ae-7a43'),
(1721, 'e0ea-ce22-d7ce-39f5'),
(2067, 'e0f2-eca4-3a4f-1e93'),
(1398, 'e0f6-3d91-455e-9bc3'),
(2114, 'e103-03c7-b82e-3c37'),
(1994, 'e104-426b-f3c6-c111'),
(2835, 'e108-da7f-ccbb-4057'),
(2319, 'e124-9635-ca39-7edc'),
(1485, 'e125-aca4-8533-0519'),
(2546, 'e13e-2cda-9410-adc4'),
(3346, 'e14a-e7f6-936e-27e4'),
(2506, 'e170-92ac-174d-9117'),
(3710, 'e187-877d-1283-5b33'),
(2981, 'e18c-ff39-20e0-7858'),
(1155, 'e1a2-63c0-9222-bb72'),
(2435, 'e1b5-52df-c9c1-8c9f'),
(2367, 'e1dd-ce97-c834-ed96'),
(1142, 'e1f3-9971-386b-cc60'),
(3632, 'e20d-7dc7-f572-fb07'),
(2909, 'e228-b714-9f3c-7b75'),
(4020, 'e258-88e8-c2cb-56ba'),
(3651, 'e25e-ff4c-2e33-e9e3'),
(3209, 'e290-e0f5-23d3-d9f1'),
(3467, 'e293-662d-067a-4d05'),
(2309, 'e2a2-ff52-2846-5b07'),
(1957, 'e2a3-fc04-9f01-2bba'),
(2592, 'e2a4-a17a-5f21-4084'),
(1986, 'e2b3-7502-267b-f6c8'),
(2236, 'e2c0-e40b-0088-2051'),
(3236, 'e2f8-d1ab-e551-2bd2'),
(1401, 'e317-9624-d680-0317'),
(4008, 'e31b-7740-ddbd-6d52'),
(3863, 'e321-51ae-d8f8-9f26'),
(2086, 'e332-2f5b-1cbf-49f0'),
(2509, 'e375-0940-a7ce-a422'),
(1583, 'e37a-4f82-7663-2221'),
(3509, 'e388-7208-9d4b-7ee8'),
(2033, 'e38a-2afb-7d1d-9c1d'),
(1765, 'e3af-1b44-df82-14dc'),
(3025, 'e3bd-3b48-40a3-66cf'),
(1758, 'e3d8-f768-c8f3-bae4'),
(1792, 'e401-48f8-9385-33b1'),
(2282, 'e42c-8b14-18d8-cd77'),
(3814, 'e439-c39a-f1ed-07ca'),
(1824, 'e45a-4b36-7fca-c35b'),
(2566, 'e461-5711-21f0-264f'),
(4030, 'e479-1533-ba84-dfbf'),
(3499, 'e4af-9c9b-1856-7437'),
(3565, 'e4b5-304a-0c0c-9f26'),
(3174, 'e4b5-929a-1c1c-f0a0'),
(3694, 'e4c2-9fc5-a4a6-467f'),
(3680, 'e4e7-f0e0-7ab7-e675'),
(3861, 'e4f0-30e9-7f2d-c24d'),
(2241, 'e52b-2a3b-1862-d965'),
(3006, 'e536-eccd-2b43-0452'),
(2228, 'e53f-071a-19e4-5206'),
(1712, 'e543-5920-6777-82db'),
(2972, 'e547-dcff-0fcf-4fa8'),
(2901, 'e558-36d5-6f81-b4d9'),
(2257, 'e566-ffd0-ffab-9732'),
(3311, 'e582-bb38-be55-4217'),
(1742, 'e5af-b687-1d32-5b19'),
(2605, 'e5c7-9867-c33d-6674'),
(1683, 'e615-3a7e-6c60-0e8b'),
(2925, 'e62c-d977-3bbf-0500'),
(1065, 'e682-c133-6134-16b0'),
(1697, 'e68b-063e-d940-aadf'),
(1625, 'e704-9a48-06ad-12de'),
(3671, 'e731-4a68-0254-9d37'),
(2815, 'e745-87bb-a11a-49c9'),
(1767, 'e750-4825-cd54-2915'),
(1976, 'e763-c6a9-5f07-dd6e'),
(2000, 'e77d-7c0d-81d6-c4da'),
(1361, 'e7a3-595a-54b2-ff4e'),
(2754, 'e7aa-811d-9826-2b74'),
(3329, 'e7bf-8caf-6e44-6075'),
(2269, 'e7d1-ccd4-0464-a135'),
(2400, 'e7ec-82b3-c318-5b8b'),
(3366, 'e7ee-4053-4976-3e65'),
(1422, 'e7fb-ae8f-f20e-ba6a'),
(2961, 'e823-2cc7-4ab1-55ef'),
(3661, 'e844-4bff-f669-db85'),
(3492, 'e853-e2ad-54f8-6465'),
(1309, 'e864-06b4-dad9-8c74'),
(1999, 'e87a-bf9a-1363-1eba'),
(3179, 'e87d-d604-8a24-8727'),
(1382, 'e88d-d177-81c6-622d'),
(3700, 'e8d2-8cc5-fa31-fd25'),
(3017, 'e8da-7562-41b8-5944'),
(3036, 'e8f8-3735-d4a3-eced'),
(3227, 'e923-e13a-e268-b051'),
(2964, 'e924-4568-28cd-a238'),
(1789, 'e969-3dbf-5a4b-3765'),
(1614, 'e96e-34b4-35ca-21b3'),
(2183, 'e96f-b4bb-75b5-f51e'),
(4011, 'e9ad-9016-c884-bb40'),
(1904, 'e9b0-331f-76a5-2a54'),
(1608, 'e9df-ac91-17dc-2d19'),
(3116, 'ea00-bf2c-5d2d-cfdb'),
(3067, 'ea41-d408-6c6d-54df'),
(2768, 'ea43-a41f-023c-e89f'),
(3921, 'ea50-5174-6b20-2528'),
(1578, 'ea96-8d90-a0a3-0832'),
(2076, 'eaa9-373d-288e-27df'),
(2397, 'eac5-ce68-e563-03f4'),
(1447, 'eac7-8bac-bf6e-ec6a'),
(3648, 'eacb-532b-81f5-ef3f'),
(3665, 'ead7-1d06-917b-1d4c'),
(1562, 'eadd-e15c-a9a4-5a90'),
(1505, 'eae0-56bb-2bef-73b1'),
(1489, 'eaea-56b6-6668-acf7'),
(1924, 'eaf4-547b-d399-e29c'),
(2642, 'eaf5-ad05-893c-4095'),
(3364, 'eaf6-63e1-bd06-b331'),
(1456, 'eb0d-730e-2bf1-2e5b'),
(2855, 'eb41-948c-6acf-627e'),
(3493, 'eb4e-9db0-379a-f287'),
(3003, 'eb59-0077-8ad2-fb44'),
(3783, 'eb8b-a61c-fa4c-6672'),
(3719, 'eb97-5d4b-0e68-7a84'),
(1718, 'ebaf-812a-0481-b2bc'),
(2152, 'ebaf-ea19-06be-7ce3'),
(3972, 'ebb0-96dc-5826-32e6'),
(1845, 'ebb1-d677-483f-cf62'),
(3623, 'ebc3-3816-683b-ddef'),
(1274, 'ebcc-3e8d-b34e-b740'),
(3895, 'ebea-b00c-ddf9-6c37'),
(3462, 'ebfd-44f8-0832-1aba'),
(2741, 'ec01-93a9-b258-7dac'),
(2149, 'ec1f-a025-ce7f-f759'),
(3253, 'ec2e-5306-a560-b2a9'),
(3000, 'ec3c-196f-21cf-a859'),
(2992, 'ec52-5384-c2eb-2cf1'),
(1570, 'ec6d-f011-024c-f59c'),
(1262, 'ec72-6f2c-9cf4-ff8d'),
(2368, 'ec8e-c8bf-7ca0-e026'),
(3813, 'eca3-d6dd-980b-0752'),
(3619, 'eca9-4789-10d2-1e4a'),
(1151, 'eca9-f73c-2823-9e0d'),
(3054, 'ecb0-bb36-c687-5804'),
(3882, 'ecb5-d2cf-c18b-0c23'),
(4012, 'ecce-7f9b-a183-c693'),
(1111, 'ed1c-fa2f-823a-5f64'),
(1544, 'ed22-b9a8-c3ec-9dca'),
(3746, 'ed31-0015-f529-449f'),
(1409, 'ed43-912e-34af-48c5'),
(1391, 'ed62-b31e-7cf2-96fa'),
(2055, 'ed65-d64f-18b8-58f5'),
(2177, 'ed74-81ee-dc9b-72ef'),
(2705, 'edab-87cf-abca-4df6'),
(3062, 'edad-f30d-5593-3a16'),
(1299, 'edb7-aece-c321-e28c'),
(3478, 'edcf-5a19-6d96-9959'),
(1826, 'edd3-e289-5f54-de78'),
(1163, 'ede0-e461-9c39-a444'),
(2913, 'edf1-c584-1397-4ba2'),
(1143, 'ee18-0050-8af1-7652'),
(1909, 'ee4a-9e54-3588-f54f'),
(1263, 'ee55-fe0f-357a-fdd4'),
(2966, 'ee61-f323-8c72-db62'),
(2448, 'ee65-96d1-0639-03cd'),
(2095, 'ee6a-2843-59eb-5fda'),
(3424, 'ee6c-d598-a0ac-036e'),
(2420, 'ee80-7519-2851-b651'),
(2960, 'ee9a-61f5-2fa2-ed54'),
(1568, 'eea7-f07b-4c0a-c0fc'),
(2151, 'eead-0e4c-a370-2122'),
(4004, 'eed7-db19-28fa-792a'),
(1336, 'eedd-ac4b-8cb0-de95'),
(1283, 'eeed-806e-d636-172b'),
(2866, 'ef1a-c1d4-602b-bd3d'),
(2326, 'ef2b-dc3b-70e6-db5a'),
(3422, 'ef40-d987-f874-07bb'),
(2499, 'ef59-8202-d211-123b'),
(1411, 'ef5c-d38a-d195-83bf'),
(3125, 'ef9a-4b71-6f9c-4d9b'),
(2391, 'efa5-d29e-4d84-f14a'),
(1088, 'efa8-a27b-8234-cbb0'),
(2951, 'efb9-56d3-7a8b-7143'),
(3928, 'efc5-8da4-0aea-a7d4'),
(3956, 'efc6-cf01-d61f-6c36'),
(2894, 'efd9-a8c2-2224-2482'),
(3667, 'efff-6d18-9d85-6fe6'),
(2746, 'f000-7a9f-9c94-41f0'),
(3336, 'f014-3f10-742b-e417'),
(1443, 'f044-c321-4788-74b3'),
(2853, 'f05a-97ae-d1a6-281a'),
(1503, 'f083-c8db-6de1-880c'),
(3705, 'f0c5-6156-8eae-85eb'),
(3827, 'f0ec-162f-8edb-8811'),
(1311, 'f0fc-6880-3d37-444b'),
(2889, 'f133-ad25-ed6b-47cf'),
(3926, 'f13c-70b6-a37d-be57'),
(3434, 'f143-4248-5303-5abb'),
(1592, 'f146-a96d-d198-7bcc'),
(1076, 'f16b-12c1-9a3d-c01c'),
(2519, 'f170-8ab8-bdf2-ea8a'),
(2514, 'f171-a425-2f57-c7db'),
(2263, 'f184-c671-0b65-96d0'),
(1197, 'f186-6978-c2d0-0b63'),
(1487, 'f196-94c4-f26c-db09'),
(3542, 'f1b3-2582-ae61-bb7e'),
(2524, 'f1be-3449-fc1a-0290'),
(3313, 'f1cd-434d-8bbe-db67'),
(2015, 'f1cd-ec66-3ba5-aab7'),
(3372, 'f1d3-1bf2-25a2-57b1'),
(3862, 'f1dc-c95e-245e-36ef'),
(2010, 'f1df-5e65-ef29-04b9'),
(2776, 'f20f-1ff2-9207-6cef'),
(2333, 'f214-d9c5-347a-609f'),
(2157, 'f23d-577a-ee23-2a28'),
(3721, 'f249-a803-ea3e-efca'),
(1193, 'f250-9a39-6c5f-2ef8'),
(3237, 'f269-b03d-14a1-d221'),
(1114, 'f2ac-00ed-07cd-65a7'),
(2384, 'f305-9a23-ea62-655e'),
(1763, 'f31e-1f43-d791-ee95'),
(2974, 'f342-8bb8-2388-d157'),
(3610, 'f358-3dab-d678-8f26'),
(3734, 'f362-c064-d132-8e91'),
(1588, 'f36b-fa22-b138-6f01'),
(2921, 'f36c-0d30-886d-04d8'),
(1933, 'f3a5-ecec-b200-64f4'),
(2636, 'f3a9-3570-b16d-47b3'),
(1304, 'f3d1-1f16-1914-ccac'),
(2037, 'f3fa-1656-07bf-8c1c'),
(1606, 'f414-73a5-4402-8004'),
(3909, 'f422-3e7f-c0ec-371f'),
(3908, 'f425-3aac-1be0-3ed7'),
(1761, 'f441-6a47-3fc6-23ae'),
(4016, 'f44b-9866-f946-fa1d'),
(3716, 'f44c-32dc-0370-a688'),
(2327, 'f458-01c6-3c9e-3264'),
(2806, 'f45c-f84b-f565-fed2'),
(3577, 'f45e-7178-2632-eba0'),
(2222, 'f461-c0c9-bdc5-a4ee'),
(2004, 'f48a-9905-8c22-3bfb'),
(3159, 'f493-a9c0-635b-00fa'),
(2090, 'f4ab-db85-e543-3724'),
(2495, 'f4e1-1c15-3d88-b003'),
(1556, 'f4f7-96a0-8050-8906'),
(2657, 'f508-e32f-5c07-255a'),
(3213, 'f53c-01f0-b946-ed31'),
(2596, 'f5ac-14a8-9d9d-7a53'),
(1939, 'f5b3-ef22-0f0e-5c7f'),
(3978, 'f5bb-7c11-a8d3-157f'),
(1650, 'f5ed-1a8d-a6b9-745a'),
(2425, 'f5f1-b023-c116-31b9'),
(2659, 'f60d-0be0-a9fa-c388'),
(1674, 'f629-2157-901e-280c'),
(3918, 'f639-a98d-edc7-1fbb'),
(2392, 'f652-969d-5b35-3818'),
(1670, 'f671-be95-438e-64ea'),
(1579, 'f682-b821-b2d7-d7b3'),
(2692, 'f684-d08f-39fa-523f'),
(2117, 'f688-3916-9167-f7ed'),
(2348, 'f693-5801-e3c8-3049'),
(2047, 'f6b7-9898-2ed8-93c0'),
(1928, 'f6bd-7a66-f3f4-9546'),
(3291, 'f6cc-dbe6-df0c-1678'),
(2478, 'f700-ceb8-7248-5b07'),
(3523, 'f709-87e8-6738-a37f'),
(1171, 'f710-7fd8-e778-3fc0'),
(2218, 'f72b-54cd-2f0a-bc08'),
(1379, 'f738-9ea9-1a01-0d69'),
(2856, 'f74e-d99a-40b8-0feb'),
(3942, 'f754-e65a-a257-9fad'),
(2116, 'f759-1877-510c-ba20'),
(3606, 'f760-ddc4-895b-1450'),
(1071, 'f762-8322-b4db-fc86'),
(3725, 'f772-ba38-b0b1-672d'),
(3249, 'f778-3b50-4a8b-5e88'),
(3340, 'f7a6-2092-6380-f78d'),
(2616, 'f7c0-ea21-07de-5e5b'),
(1660, 'f7cd-d718-c28b-de7d'),
(3552, 'f7d7-661b-1ce8-27c4'),
(1942, 'f7e2-ce78-0c3f-5f9c'),
(1335, 'f7f6-1ce1-7fa1-9835'),
(3986, 'f803-2892-d80e-c46c'),
(3407, 'f838-76d9-450f-1586'),
(2782, 'f840-0368-c10f-285f'),
(3692, 'f851-18ac-2758-7f67'),
(1228, 'f85d-37d4-4cc1-ec5a'),
(3784, 'f861-b47a-c999-b25f'),
(1345, 'f8ef-349d-4ecc-45d8'),
(1164, 'f909-2cae-e632-aab1'),
(1629, 'f93f-9617-6ea2-80d8'),
(2697, 'f93f-9e65-9472-1f8b'),
(3846, 'f951-43e3-f4d7-9657'),
(1717, 'f986-f738-dbee-64d3'),
(2383, 'f9a2-215a-bdd5-049f'),
(2329, 'f9ad-28d0-cf1c-c838'),
(2777, 'f9b5-6f6e-6674-866a'),
(1538, 'f9c4-6049-6753-3e10'),
(3270, 'f9cd-45b7-5b5d-b4fc'),
(3935, 'f9cf-225a-4b7f-ed48'),
(3052, 'f9d9-1e81-4f9b-0aad'),
(3166, 'f9eb-2a49-f5ce-48f2'),
(3765, 'f9ef-5a51-fb8f-fb77'),
(1166, 'f9f1-1227-ca57-9f30'),
(1996, 'fa28-7836-5b3b-0be2'),
(2717, 'fa3a-5bb8-7541-eebe'),
(1254, 'fa5f-fafb-8c42-d688'),
(1293, 'fa60-3dc9-a8c1-3e3e'),
(3517, 'faa0-f6d3-5bd7-db1b'),
(2456, 'faa2-0ed7-2a03-8f7d'),
(1460, 'facc-cd6e-1455-dd26'),
(1573, 'facd-7947-c61a-78b3'),
(2852, 'fad0-2beb-609f-e7bd'),
(3724, 'fae0-f4c9-da59-fc31'),
(1515, 'fae6-1f25-dc9a-9544'),
(1190, 'fb0d-e84b-776c-e29e'),
(2666, 'fb41-3eaf-0581-b7d0'),
(2416, 'fb68-7322-efbf-1ef1'),
(2212, 'fb6c-f116-9199-177e'),
(1741, 'fb71-4f8c-ef04-7a03'),
(3451, 'fb72-9922-d744-6b1c'),
(1524, 'fb8b-96c8-8cba-2060'),
(3048, 'fbbf-88dd-661c-2db4'),
(3831, 'fbe4-c0ff-a545-d6cd'),
(1257, 'fc04-c80a-b79b-46ad'),
(2971, 'fc19-c3d7-e164-77e3'),
(2796, 'fc21-d878-b1f7-f3dd'),
(2332, 'fc38-60d2-6214-9442'),
(2466, 'fc43-8be0-900f-91b9'),
(2144, 'fc76-838d-ad8f-b5ce'),
(3176, 'fc77-4391-665e-2ca7'),
(2101, 'fc93-f1a9-4fb0-8462'),
(3686, 'fc98-514e-4984-5b9f'),
(2783, 'fca7-6a24-005c-031c'),
(2525, 'fcad-8411-d184-7d6d'),
(3782, 'fcd0-ca82-36db-d10c'),
(3588, 'fcd7-0e7a-7035-edf3'),
(2607, 'fcd7-62e7-66dc-de16'),
(3678, 'fd27-e1ca-bfc3-4a1a'),
(2618, 'fd34-d242-8692-dfc4'),
(3071, 'fd41-741a-f91e-1a9f'),
(1243, 'fd41-b00c-7f58-0266'),
(3277, 'fd42-9949-b4fe-ca8c'),
(3034, 'fd46-9b07-f312-2d77'),
(3569, 'fd48-2cd8-a7e7-bc99'),
(1222, 'fd4f-7b11-39ee-50bd'),
(3281, 'fd62-3a87-ec55-8f04'),
(2476, 'fd66-8aec-0a74-42bd'),
(2787, 'fd8d-c0e7-da7e-cfa4'),
(1063, 'fd94-ba4a-8661-bdae'),
(2436, 'fdb8-305c-7f0e-7f7a'),
(3539, 'fdbc-9a9d-e63c-334a'),
(3382, 'fdc6-f0b9-df94-3246'),
(3626, 'fdcb-8504-8ebf-4bfe'),
(1325, 'fdd3-1dbd-7bd3-c9a7'),
(1699, 'fde6-c56a-6873-de36'),
(2432, 'fdf7-a6f3-b0e3-8e31'),
(2595, 'fe3a-df05-76fc-cd89'),
(1654, 'fe67-49ea-c677-3592'),
(2977, 'fe6c-ca52-df2b-cb42'),
(3455, 'fe77-1644-980e-756d'),
(3355, 'fea8-af66-ea69-af18'),
(3949, 'fea9-7c4e-77e8-fe79'),
(3790, 'fee0-fd50-f484-8a2d'),
(1861, 'fee6-c4fb-db86-8117'),
(2769, 'ff05-c7c6-cb65-7f56'),
(1418, 'ff09-5b2f-4721-4b67'),
(3342, 'ff31-f782-7fe6-83c6'),
(2063, 'ff5b-038d-ee84-be36'),
(2375, 'ff89-f863-67fd-589f'),
(3931, 'ffb9-4c08-731b-d2e2'),
(2423, 'ffb9-a44d-2d7d-ffe6'),
(3096, 'ffe4-0e05-169b-cf1d'),
(3917, 'fffc-2d13-1c93-ae45');

-- --------------------------------------------------------

--
-- Table structure for table `wallet`
--

CREATE TABLE IF NOT EXISTS `wallet` (
  `id` int(10) unsigned NOT NULL AUTO_INCREMENT,
  `id_member` int(10) unsigned NOT NULL,
  `balance` int(10) unsigned NOT NULL,
  PRIMARY KEY (`id`)
) ENGINE=InnoDB  DEFAULT CHARSET=latin1 AUTO_INCREMENT=73 ;

--
-- Dumping data for table `wallet`
--

INSERT INTO `wallet` (`id`, `id_member`, `balance`) VALUES
(1, 1, 2700000),
(2, 2, 3000000),
(3, 3, 900000),
(4, 4, 500000),
(5, 5, 500000),
(6, 6, 600000),
(7, 7, 550000),
(8, 10, 0),
(9, 8, 150000),
(10, 11, 0),
(11, 12, 0),
(12, 13, 0),
(13, 14, 0),
(14, 15, 0),
(15, 16, 0),
(16, 17, 0),
(17, 18, 0),
(18, 19, 1500000),
(19, 20, 750000),
(20, 21, 750000),
(21, 22, 750000),
(22, 23, 0),
(23, 24, 0),
(24, 25, 0),
(25, 26, 0),
(26, 27, 0),
(27, 28, 150000),
(28, 29, 0),
(29, 30, 0),
(30, 31, 0),
(31, 32, 0),
(32, 33, 0),
(33, 34, 0),
(34, 35, 0),
(35, 36, 750000),
(36, 37, 850000),
(37, 38, 1550000),
(38, 39, 150000),
(39, 40, 2050000),
(40, 41, 2050000),
(41, 42, 2150000),
(42, 43, 2050000),
(43, 44, 2100000),
(44, 45, 1150000),
(45, 46, 300000),
(46, 47, 300000),
(47, 48, 0),
(48, 49, 0),
(49, 50, 0),
(50, 51, 1000000),
(51, 52, 0),
(52, 53, 0),
(53, 54, 0),
(54, 55, 0),
(55, 56, 0),
(56, 57, 950000),
(57, 58, 0),
(58, 59, 0),
(59, 60, 0),
(60, 61, 0),
(61, 62, 0),
(62, 63, 0),
(63, 64, 300000),
(64, 65, 0),
(65, 66, 0),
(66, 67, 0),
(67, 68, 0),
(68, 69, 0),
(69, 70, 0),
(70, 71, 0),
(71, 72, 0),
(72, 73, 0);

-- --------------------------------------------------------

--
-- Table structure for table `wallet_logs`
--

CREATE TABLE IF NOT EXISTS `wallet_logs` (
  `id` int(10) unsigned NOT NULL AUTO_INCREMENT,
  `id_member` int(10) unsigned NOT NULL,
  `type` varchar(255) NOT NULL,
  `message` varchar(255) NOT NULL,
  `amount` int(10) unsigned NOT NULL,
  PRIMARY KEY (`id`)
) ENGINE=InnoDB  DEFAULT CHARSET=latin1 AUTO_INCREMENT=315 ;

--
-- Dumping data for table `wallet_logs`
--

INSERT INTO `wallet_logs` (`id`, `id_member`, `type`, `message`, `amount`) VALUES
(2, 10, 'created', 'Pembuatan wallet', 0),
(3, 7, 'deposit', 'deposit referral Rp. 150000', 150000),
(4, 11, 'created', 'Pembuatan wallet', 0),
(5, 12, 'created', 'Pembuatan wallet', 0),
(6, 13, 'created', 'Pembuatan wallet', 0),
(7, 14, 'created', 'Pembuatan wallet', 0),
(8, 15, 'created', 'Pembuatan wallet', 0),
(9, 16, 'created', 'Pembuatan wallet', 0),
(10, 17, 'created', 'Pembuatan wallet', 0),
(11, 18, 'created', 'Pembuatan wallet', 0),
(12, 1, 'deposit', 'deposit referral Rp. 150000', 150000),
(13, 19, 'created', 'Pembuatan wallet', 0),
(14, 1, 'deposit', 'deposit referral Rp. 150000', 150000),
(15, 20, 'created', 'Pembuatan wallet', 0),
(16, 19, 'deposit', 'deposit referral Rp. 150000', 150000),
(17, 1, 'deposit', 'deposit referral Rp. 100000', 100000),
(18, 21, 'created', 'Pembuatan wallet', 0),
(19, 1, 'deposit', 'deposit referral Rp. 100000', 100000),
(20, 19, 'deposit', 'deposit referral Rp. 100000', 100000),
(21, 20, 'deposit', 'deposit referral Rp. 150000', 150000),
(22, 22, 'created', 'Pembuatan wallet', 0),
(23, 1, 'deposit', 'deposit referral Rp. 100000', 100000),
(24, 19, 'deposit', 'deposit referral Rp. 100000', 100000),
(25, 20, 'deposit', 'deposit referral Rp. 100000', 100000),
(26, 21, 'deposit', 'deposit referral Rp. 150000', 150000),
(27, 23, 'created', 'Pembuatan wallet', 0),
(28, 24, 'created', 'Pembuatan wallet', 0),
(29, 25, 'created', 'Pembuatan wallet', 0),
(30, 19, 'deposit', 'deposit referral Rp. 150000', 150000),
(31, 26, 'created', 'Pembuatan wallet', 0),
(32, 19, 'deposit', 'deposit referral Rp. 150000', 150000),
(33, 1, 'deposit', 'deposit referral Rp. 100000', 100000),
(34, 1, 'deposit', 'deposit referral Rp. 100000', 100000),
(35, 27, 'created', 'Pembuatan wallet', 0),
(36, 28, 'created', 'Pembuatan wallet', 0),
(37, 29, 'created', 'Pembuatan wallet', 0),
(38, 1, 'deposit', 'deposit referral Rp. 150000', 150000),
(39, 30, 'created', 'Pembuatan wallet', 0),
(40, 1, 'deposit', 'deposit referral Rp. 100000', 100000),
(41, 28, 'deposit', 'deposit referral Rp. 150000', 150000),
(42, 31, 'created', 'Pembuatan wallet', 0),
(43, 1, 'deposit', 'deposit referral Rp. 100000', 100000),
(44, 32, 'created', 'Pembuatan wallet', 0),
(45, 19, 'deposit', 'deposit referral Rp. 150000', 150000),
(46, 33, 'created', 'Pembuatan wallet', 0),
(47, 1, 'deposit', 'deposit referral Rp. 100000', 100000),
(48, 34, 'created', 'Pembuatan wallet', 0),
(49, 19, 'deposit', 'deposit referral Rp. 150000', 150000),
(50, 19, 'deposit', 'deposit referral Rp. 150000', 150000),
(51, 35, 'created', 'Pembuatan wallet', 0),
(52, 36, 'created', 'Pembuatan wallet', 0),
(53, 19, 'deposit', 'deposit referral Rp. 100000', 100000),
(54, 20, 'deposit', 'deposit referral Rp. 100000', 100000),
(55, 21, 'deposit', 'deposit referral Rp. 100000', 100000),
(56, 22, 'deposit', 'deposit referral Rp. 150000', 150000),
(57, 1, 'deposit', 'deposit referral Rp. 100000', 100000),
(58, 1, 'deposit', 'deposit referral Rp. 100000', 100000),
(59, 37, 'created', 'Pembuatan wallet', 0),
(60, 1, 'deposit', 'deposit referral Rp. 100000', 100000),
(61, 19, 'deposit', 'deposit referral Rp. 100000', 100000),
(62, 20, 'deposit', 'deposit referral Rp. 100000', 100000),
(63, 21, 'deposit', 'deposit referral Rp. 100000', 100000),
(64, 22, 'deposit', 'deposit referral Rp. 100000', 100000),
(65, 36, 'deposit', 'deposit referral Rp. 150000', 150000),
(66, 38, 'created', 'Pembuatan wallet', 0),
(67, 1, 'deposit', 'deposit referral Rp. 100000', 100000),
(68, 39, 'created', 'Pembuatan wallet', 0),
(69, 1, 'deposit', 'deposit referral Rp. 150000', 150000),
(70, 19, 'deposit', 'deposit referral Rp. 100000', 100000),
(71, 20, 'deposit', 'deposit referral Rp. 100000', 100000),
(72, 21, 'deposit', 'deposit referral Rp. 100000', 100000),
(73, 22, 'deposit', 'deposit referral Rp. 100000', 100000),
(74, 36, 'deposit', 'deposit referral Rp. 100000', 100000),
(75, 37, 'deposit', 'deposit referral Rp. 150000', 150000),
(76, 40, 'created', 'Pembuatan wallet', 0),
(77, 19, 'deposit', 'deposit referral Rp. 100000', 100000),
(78, 20, 'deposit', 'deposit referral Rp. 100000', 100000),
(79, 21, 'deposit', 'deposit referral Rp. 100000', 100000),
(80, 22, 'deposit', 'deposit referral Rp. 100000', 100000),
(81, 36, 'deposit', 'deposit referral Rp. 100000', 100000),
(82, 37, 'deposit', 'deposit referral Rp. 100000', 100000),
(83, 38, 'deposit', 'deposit referral Rp. 150000', 150000),
(84, 41, 'created', 'Pembuatan wallet', 0),
(85, 20, 'deposit', 'deposit referral Rp. 100000', 100000),
(86, 21, 'deposit', 'deposit referral Rp. 100000', 100000),
(87, 22, 'deposit', 'deposit referral Rp. 100000', 100000),
(88, 36, 'deposit', 'deposit referral Rp. 100000', 100000),
(89, 37, 'deposit', 'deposit referral Rp. 100000', 100000),
(90, 40, 'deposit', 'deposit referral Rp. 150000', 150000),
(91, 38, 'deposit', 'deposit referral Rp. 100000', 100000),
(92, 42, 'created', 'Pembuatan wallet', 0),
(93, 21, 'deposit', 'deposit referral Rp. 100000', 100000),
(94, 22, 'deposit', 'deposit referral Rp. 100000', 100000),
(95, 36, 'deposit', 'deposit referral Rp. 100000', 100000),
(96, 37, 'deposit', 'deposit referral Rp. 100000', 100000),
(97, 38, 'deposit', 'deposit referral Rp. 100000', 100000),
(98, 40, 'deposit', 'deposit referral Rp. 100000', 100000),
(99, 41, 'deposit', 'deposit referral Rp. 150000', 150000),
(100, 43, 'created', 'Pembuatan wallet', 0),
(101, 22, 'deposit', 'deposit referral Rp. 100000', 100000),
(102, 36, 'deposit', 'deposit referral Rp. 100000', 100000),
(103, 37, 'deposit', 'deposit referral Rp. 100000', 100000),
(104, 38, 'deposit', 'deposit referral Rp. 100000', 100000),
(105, 40, 'deposit', 'deposit referral Rp. 100000', 100000),
(106, 41, 'deposit', 'deposit referral Rp. 100000', 100000),
(107, 42, 'deposit', 'deposit referral Rp. 150000', 150000),
(108, 44, 'created', 'Pembuatan wallet', 0),
(109, 36, 'deposit', 'deposit referral Rp. 100000', 100000),
(110, 37, 'deposit', 'deposit referral Rp. 100000', 100000),
(111, 38, 'deposit', 'deposit referral Rp. 100000', 100000),
(112, 40, 'deposit', 'deposit referral Rp. 100000', 100000),
(113, 41, 'deposit', 'deposit referral Rp. 100000', 100000),
(114, 42, 'deposit', 'deposit referral Rp. 100000', 100000),
(115, 43, 'deposit', 'deposit referral Rp. 150000', 150000),
(116, 45, 'created', 'Pembuatan wallet', 0),
(117, 37, 'deposit', 'deposit referral Rp. 100000', 100000),
(118, 38, 'deposit', 'deposit referral Rp. 100000', 100000),
(119, 40, 'deposit', 'deposit referral Rp. 100000', 100000),
(120, 41, 'deposit', 'deposit referral Rp. 100000', 100000),
(121, 43, 'deposit', 'deposit referral Rp. 100000', 100000),
(122, 44, 'deposit', 'deposit referral Rp. 150000', 150000),
(123, 42, 'deposit', 'deposit referral Rp. 100000', 100000),
(124, 46, 'created', 'Pembuatan wallet', 0),
(125, 47, 'created', 'Pembuatan wallet', 0),
(126, 48, 'created', 'Pembuatan wallet', 0),
(127, 49, 'created', 'Pembuatan wallet', 0),
(128, 50, 'created', 'Pembuatan wallet', 0),
(129, 45, 'deposit', 'deposit referral Rp. 150000', 150000),
(130, 45, 'deposit', 'deposit referral Rp. 150000', 150000),
(131, 45, 'deposit', 'deposit referral Rp. 150000', 150000),
(132, 45, 'deposit', 'deposit referral Rp. 150000', 150000),
(133, 45, 'deposit', 'deposit referral Rp. 150000', 150000),
(134, 38, 'deposit', 'deposit referral Rp. 100000', 100000),
(135, 38, 'deposit', 'deposit referral Rp. 100000', 100000),
(136, 38, 'deposit', 'deposit referral Rp. 100000', 100000),
(137, 38, 'deposit', 'deposit referral Rp. 100000', 100000),
(138, 38, 'deposit', 'deposit referral Rp. 100000', 100000),
(139, 40, 'deposit', 'deposit referral Rp. 100000', 100000),
(140, 40, 'deposit', 'deposit referral Rp. 100000', 100000),
(141, 40, 'deposit', 'deposit referral Rp. 100000', 100000),
(142, 40, 'deposit', 'deposit referral Rp. 100000', 100000),
(143, 40, 'deposit', 'deposit referral Rp. 100000', 100000),
(144, 41, 'deposit', 'deposit referral Rp. 100000', 100000),
(145, 41, 'deposit', 'deposit referral Rp. 100000', 100000),
(146, 41, 'deposit', 'deposit referral Rp. 100000', 100000),
(147, 41, 'deposit', 'deposit referral Rp. 100000', 100000),
(148, 41, 'deposit', 'deposit referral Rp. 100000', 100000),
(149, 42, 'deposit', 'deposit referral Rp. 100000', 100000),
(150, 42, 'deposit', 'deposit referral Rp. 100000', 100000),
(151, 42, 'deposit', 'deposit referral Rp. 100000', 100000),
(152, 42, 'deposit', 'deposit referral Rp. 100000', 100000),
(153, 42, 'deposit', 'deposit referral Rp. 100000', 100000),
(154, 43, 'deposit', 'deposit referral Rp. 100000', 100000),
(155, 43, 'deposit', 'deposit referral Rp. 100000', 100000),
(156, 43, 'deposit', 'deposit referral Rp. 100000', 100000),
(157, 43, 'deposit', 'deposit referral Rp. 100000', 100000),
(158, 43, 'deposit', 'deposit referral Rp. 100000', 100000),
(159, 44, 'deposit', 'deposit referral Rp. 100000', 100000),
(160, 44, 'deposit', 'deposit referral Rp. 100000', 100000),
(161, 44, 'deposit', 'deposit referral Rp. 100000', 100000),
(162, 44, 'deposit', 'deposit referral Rp. 100000', 100000),
(163, 44, 'deposit', 'deposit referral Rp. 100000', 100000),
(164, 51, 'created', 'Pembuatan wallet', 0),
(165, 1, 'deposit', 'deposit referral Rp. 100000', 100000),
(166, 1, 'deposit', 'deposit referral Rp. 100000', 100000),
(167, 52, 'created', 'Pembuatan wallet', 0),
(168, 1, 'deposit', 'deposit referral Rp. 100000', 100000),
(169, 39, 'deposit', 'deposit referral Rp. 150000', 150000),
(170, 53, 'created', 'Pembuatan wallet', 0),
(171, 54, 'created', 'Pembuatan wallet', 0),
(172, 3, 'deposit', 'deposit referral Rp. 150000', 150000),
(173, 1, 'deposit', 'deposit referral Rp. 100000', 100000),
(174, 55, 'created', 'Pembuatan wallet', 0),
(175, 56, 'created', 'Pembuatan wallet', 0),
(176, 44, 'deposit', 'deposit referral Rp. 150000', 150000),
(177, 43, 'deposit', 'deposit referral Rp. 100000', 100000),
(178, 42, 'deposit', 'deposit referral Rp. 100000', 100000),
(179, 41, 'deposit', 'deposit referral Rp. 100000', 100000),
(180, 40, 'deposit', 'deposit referral Rp. 100000', 100000),
(181, 38, 'deposit', 'deposit referral Rp. 100000', 100000),
(182, 37, 'deposit', 'deposit referral Rp. 100000', 100000),
(183, 57, 'created', 'Pembuatan wallet', 0),
(184, 58, 'created', 'Pembuatan wallet', 0),
(185, 59, 'created', 'Pembuatan wallet', 0),
(186, 60, 'created', 'Pembuatan wallet', 0),
(187, 61, 'created', 'Pembuatan wallet', 0),
(188, 51, 'deposit', 'deposit referral Rp. 150000', 150000),
(189, 51, 'deposit', 'deposit referral Rp. 150000', 150000),
(190, 44, 'deposit', 'deposit referral Rp. 100000', 100000),
(191, 44, 'deposit', 'deposit referral Rp. 100000', 100000),
(192, 62, 'created', 'Pembuatan wallet', 0),
(193, 43, 'deposit', 'deposit referral Rp. 100000', 100000),
(194, 43, 'deposit', 'deposit referral Rp. 100000', 100000),
(195, 42, 'deposit', 'deposit referral Rp. 100000', 100000),
(196, 42, 'deposit', 'deposit referral Rp. 100000', 100000),
(197, 63, 'created', 'Pembuatan wallet', 0),
(198, 41, 'deposit', 'deposit referral Rp. 100000', 100000),
(199, 41, 'deposit', 'deposit referral Rp. 100000', 100000),
(200, 40, 'deposit', 'deposit referral Rp. 100000', 100000),
(201, 40, 'deposit', 'deposit referral Rp. 100000', 100000),
(202, 38, 'deposit', 'deposit referral Rp. 100000', 100000),
(203, 38, 'deposit', 'deposit referral Rp. 100000', 100000),
(204, 7, 'deposit', 'deposit referral Rp. 150000', 150000),
(205, 6, 'deposit', 'deposit referral Rp. 150000', 150000),
(206, 6, 'deposit', 'deposit referral Rp. 100000', 100000),
(207, 5, 'deposit', 'deposit referral Rp. 100000', 100000),
(208, 5, 'deposit', 'deposit referral Rp. 100000', 100000),
(209, 64, 'created', 'Pembuatan wallet', 0),
(210, 65, 'created', 'Pembuatan wallet', 0),
(211, 66, 'created', 'Pembuatan wallet', 0),
(212, 67, 'created', 'Pembuatan wallet', 0),
(213, 68, 'created', 'Pembuatan wallet', 0),
(214, 57, 'deposit', 'deposit referral Rp. 150000', 150000),
(215, 57, 'deposit', 'deposit referral Rp. 150000', 150000),
(216, 57, 'deposit', 'deposit referral Rp. 150000', 150000),
(217, 57, 'deposit', 'deposit referral Rp. 150000', 150000),
(218, 57, 'deposit', 'deposit referral Rp. 150000', 150000),
(219, 51, 'deposit', 'deposit referral Rp. 100000', 100000),
(220, 51, 'deposit', 'deposit referral Rp. 100000', 100000),
(221, 51, 'deposit', 'deposit referral Rp. 100000', 100000),
(222, 51, 'deposit', 'deposit referral Rp. 100000', 100000),
(223, 51, 'deposit', 'deposit referral Rp. 100000', 100000),
(224, 44, 'deposit', 'deposit referral Rp. 100000', 100000),
(225, 44, 'deposit', 'deposit referral Rp. 100000', 100000),
(226, 44, 'deposit', 'deposit referral Rp. 100000', 100000),
(227, 44, 'deposit', 'deposit referral Rp. 100000', 100000),
(228, 44, 'deposit', 'deposit referral Rp. 100000', 100000),
(229, 43, 'deposit', 'deposit referral Rp. 100000', 100000),
(230, 43, 'deposit', 'deposit referral Rp. 100000', 100000),
(231, 43, 'deposit', 'deposit referral Rp. 100000', 100000),
(232, 43, 'deposit', 'deposit referral Rp. 100000', 100000),
(233, 43, 'deposit', 'deposit referral Rp. 100000', 100000),
(234, 42, 'deposit', 'deposit referral Rp. 100000', 100000),
(235, 42, 'deposit', 'deposit referral Rp. 100000', 100000),
(236, 42, 'deposit', 'deposit referral Rp. 100000', 100000),
(237, 42, 'deposit', 'deposit referral Rp. 100000', 100000),
(238, 42, 'deposit', 'deposit referral Rp. 100000', 100000),
(239, 41, 'deposit', 'deposit referral Rp. 100000', 100000),
(240, 41, 'deposit', 'deposit referral Rp. 100000', 100000),
(241, 41, 'deposit', 'deposit referral Rp. 100000', 100000),
(242, 41, 'deposit', 'deposit referral Rp. 100000', 100000),
(243, 41, 'deposit', 'deposit referral Rp. 100000', 100000),
(244, 40, 'deposit', 'deposit referral Rp. 100000', 100000),
(245, 40, 'deposit', 'deposit referral Rp. 100000', 100000),
(246, 40, 'deposit', 'deposit referral Rp. 100000', 100000),
(247, 40, 'deposit', 'deposit referral Rp. 100000', 100000),
(248, 40, 'deposit', 'deposit referral Rp. 100000', 100000),
(249, 40, 'deposit', 'deposit referral Rp. 100000', 100000),
(250, 40, 'deposit', 'deposit referral Rp. 100000', 100000),
(251, 41, 'deposit', 'deposit referral Rp. 100000', 100000),
(252, 41, 'deposit', 'deposit referral Rp. 100000', 100000),
(253, 41, 'deposit', 'deposit referral Rp. 100000', 100000),
(254, 42, 'deposit', 'deposit referral Rp. 100000', 100000),
(255, 42, 'deposit', 'deposit referral Rp. 100000', 100000),
(256, 42, 'deposit', 'deposit referral Rp. 100000', 100000),
(257, 47, 'deposit', 'deposit referral Rp. 150000', 150000),
(258, 47, 'deposit', 'deposit referral Rp. 150000', 150000),
(259, 43, 'deposit', 'deposit referral Rp. 100000', 100000),
(260, 43, 'deposit', 'deposit referral Rp. 100000', 100000),
(261, 45, 'deposit', 'deposit referral Rp. 100000', 100000),
(262, 45, 'deposit', 'deposit referral Rp. 100000', 100000),
(263, 45, 'deposit', 'deposit referral Rp. 100000', 100000),
(264, 43, 'deposit', 'deposit referral Rp. 100000', 100000),
(265, 44, 'deposit', 'deposit referral Rp. 100000', 100000),
(266, 44, 'deposit', 'deposit referral Rp. 100000', 100000),
(267, 44, 'deposit', 'deposit referral Rp. 100000', 100000),
(268, 44, 'deposit', 'deposit referral Rp. 100000', 100000),
(269, 46, 'deposit', 'deposit referral Rp. 150000', 150000),
(270, 46, 'deposit', 'deposit referral Rp. 150000', 150000),
(271, 45, 'deposit', 'deposit referral Rp. 100000', 100000),
(272, 4, 'deposit', 'deposit referral Rp. 100000', 100000),
(273, 3, 'deposit', 'deposit referral Rp. 100000', 100000),
(274, 3, 'deposit', 'deposit referral Rp. 100000', 100000),
(275, 3, 'deposit', 'deposit referral Rp. 100000', 100000),
(276, 4, 'deposit', 'deposit referral Rp. 100000', 100000),
(277, 7, 'deposit', 'deposit referral Rp. 150000', 150000),
(278, 6, 'deposit', 'deposit referral Rp. 100000', 100000),
(279, 5, 'deposit', 'deposit referral Rp. 100000', 100000),
(280, 4, 'deposit', 'deposit referral Rp. 100000', 100000),
(281, 3, 'deposit', 'deposit referral Rp. 100000', 100000),
(282, 1, 'deposit', 'deposit referral Rp. 100000', 100000),
(283, 69, 'created', 'Pembuatan wallet', 0),
(284, 3, 'deposit', 'deposit referral Rp. 150000', 150000),
(285, 1, 'deposit', 'deposit referral Rp. 100000', 100000),
(286, 70, 'created', 'Pembuatan wallet', 0),
(287, 8, 'deposit', 'deposit referral Rp. 150000', 150000),
(288, 7, 'deposit', 'deposit referral Rp. 100000', 100000),
(289, 6, 'deposit', 'deposit referral Rp. 100000', 100000),
(290, 5, 'deposit', 'deposit referral Rp. 100000', 100000),
(291, 4, 'deposit', 'deposit referral Rp. 100000', 100000),
(292, 3, 'deposit', 'deposit referral Rp. 100000', 100000),
(293, 1, 'deposit', 'deposit referral Rp. 100000', 100000),
(294, 71, 'created', 'Pembuatan wallet', 0),
(295, 72, 'created', 'Pembuatan wallet', 0),
(296, 64, 'deposit', 'deposit referral Rp. 150000', 150000),
(297, 64, 'deposit', 'deposit referral Rp. 150000', 150000),
(298, 57, 'deposit', 'deposit referral Rp. 100000', 100000),
(299, 57, 'deposit', 'deposit referral Rp. 100000', 100000),
(300, 51, 'deposit', 'deposit referral Rp. 100000', 100000),
(301, 51, 'deposit', 'deposit referral Rp. 100000', 100000),
(302, 44, 'deposit', 'deposit referral Rp. 100000', 100000),
(303, 44, 'deposit', 'deposit referral Rp. 100000', 100000),
(304, 43, 'deposit', 'deposit referral Rp. 100000', 100000),
(305, 43, 'deposit', 'deposit referral Rp. 100000', 100000),
(306, 42, 'deposit', 'deposit referral Rp. 100000', 100000),
(307, 38, 'deposit', 'deposit referral Rp. 100000', 100000),
(308, 42, 'deposit', 'deposit referral Rp. 100000', 100000),
(309, 73, 'created', 'Pembuatan wallet', 0),
(310, 6, 'deposit', 'deposit referral Rp. 150000', 150000),
(311, 5, 'deposit', 'deposit referral Rp. 100000', 100000),
(312, 4, 'deposit', 'deposit referral Rp. 100000', 100000),
(313, 3, 'deposit', 'deposit referral Rp. 100000', 100000),
(314, 1, 'deposit', 'deposit referral Rp. 100000', 100000);

DELIMITER $$
--
-- Events
--
CREATE DEFINER=`angga`@`localhost` EVENT `banned_62` ON SCHEDULE AT '2015-07-09 12:48:23' ON COMPLETION NOT PRESERVE ENABLE DO UPDATE members SET status = -1 WHERE id = 62$$

CREATE DEFINER=`angga`@`localhost` EVENT `banned_59` ON SCHEDULE AT '2015-07-09 12:43:16' ON COMPLETION NOT PRESERVE ENABLE DO UPDATE members SET status = -1 WHERE id = 59$$

CREATE DEFINER=`angga`@`localhost` EVENT `banned_71` ON SCHEDULE AT '2015-07-09 18:02:17' ON COMPLETION NOT PRESERVE ENABLE DO UPDATE members SET status = -1 WHERE id = 71$$

CREATE DEFINER=`angga`@`localhost` EVENT `banned_55` ON SCHEDULE AT '2015-07-09 12:55:35' ON COMPLETION NOT PRESERVE ENABLE DO UPDATE members SET status = -1 WHERE id = 55$$

CREATE DEFINER=`angga`@`localhost` EVENT `banned_52` ON SCHEDULE AT '2015-07-09 05:37:47' ON COMPLETION NOT PRESERVE ENABLE DO UPDATE members SET status = -1 WHERE id = 52$$

CREATE DEFINER=`angga`@`localhost` EVENT `banned_53` ON SCHEDULE AT '2015-07-08 23:00:35' ON COMPLETION NOT PRESERVE ENABLE DO UPDATE members SET status = -1 WHERE id = 53$$

DELIMITER ;

/*!40101 SET CHARACTER_SET_CLIENT=@OLD_CHARACTER_SET_CLIENT */;
/*!40101 SET CHARACTER_SET_RESULTS=@OLD_CHARACTER_SET_RESULTS */;
/*!40101 SET COLLATION_CONNECTION=@OLD_COLLATION_CONNECTION */;
